Workbook

Sheet 🔍 Buscador
A2: 🔍 BUSCADOR DE INVENTARIO TI
B4: 🔎 Buscar por nombre / usuario: | G4: PIA
G5: ✏️ Escribe aquí el nombre de la persona
A7: 💻 Resultados — PC
A8: Rut | B8: Persona | C8: Fecha Entrega | D8: Estado | E8: Área | F8: Ubicación | G8: Marca | H8: Modelo | I8: Nº de Serie | J8: Doc. Firmado | K8: Mochila | L8: Cargador | M8: Entrega Informática | N8: Entrega Usuario | O8: Observaciones
A9: {=IFERROR(INDEX(_Data!A2:A111,SMALL(IF(ISNUMBER(SEARCH(IF(G4="",CHAR(1),G4),_Data!B2:B111)),ROW(_Data!B2:B111)-1),1)),"")} -> 0 | B9: {=IFERROR(INDEX(_Data!B2:B111,SMALL(IF(ISNUMBER(SEARCH(IF(G4="",CHAR(1),G4),_Data!B2:B111)),ROW(_Data!B2:B111)-1),1)),"")} -> Pia Escobar | C9: {=IFERROR(INDEX(_Data!C2:C111,SMALL(IF(ISNUMBER(SEARCH(IF(G4="",CHAR(1),G4),_Data!B2:B111)),ROW(_Data!B2:B111)-1),1)),"")} -> 05-12-2025 | D9: {=IFERROR(INDEX(_Data!D2:D111,SMALL(IF(ISNUMBER(SEARCH(IF(G4="",CHAR(1),G4),_Data!B2:B111)),ROW(_Data!B2:B111)-1),1)),"")} -> Asignado | E9: {=IFERROR(INDEX(_Data!E2:E111,SMALL(IF(ISNUMBER(SEARCH(IF(G4="",CHAR(1),G4),_Data!B2:B111)),ROW(_Data!B2:B111)-1),1)),"")} -> Auditoria | F9: {=IFERROR(INDEX(_Data!F2:F111,SMALL(IF(ISNUMBER(SEARCH(IF(G4="",CHAR(1),G4),_Data!B2:B111)),ROW(_Data!B2:B111)-1),1)),"")} -> Casa Matriz | G9: {=IFERROR(INDEX(_Data!G2:G111,SMALL(IF(ISNUMBER(SEARCH(IF(G4="",CHAR(1),G4),_Data!B2:B111)),ROW(_Data!B2:B111)-1),1)),"")} -> Lenovo | H9: {=IFERROR(INDEX(_Data!H2:H111,SMALL(IF(ISNUMBER(SEARCH(IF(G4="",CHAR(1),G4),_Data!B2:B111)),ROW(_Data!B2:B111)-1),1)),"")} -> Ideapad Slim3 | I9: {=IFERROR(INDEX(_Data!I2:I111,SMALL(IF(ISNUMBER(SEARCH(IF(G4="",CHAR(1),G4),_Data!B2:B111)),ROW(_Data!B2:B111)-1),1)),"")} -> PF4CA6ZM | J9: {=IFERROR(INDEX(_Data!J2:J111,SMALL(IF(ISNUMBER(SEARCH(IF(G4="",CHAR(1),G4),_Data!B2:B111)),ROW(_Data!B2:B111)-1),1)),"")} -> NO | K9: {=IFERROR(INDEX(_Data!K2:K111,SMALL(IF(ISNUMBER(SEARCH(IF(G4="",CHAR(1),G4),_Data!B2:B111)),ROW(_Data!B2:B111)-1),1)),"")} -> NO | L9: {=IFERROR(INDEX(_Data!L2:L111,SMALL(IF(ISNUMBER(SEARCH(IF(G4="",CHAR(1),G4),_Data!B2:B111)),ROW(_Data!B2:B111)-1),1)),"")} -> SI | M9: {=IFERROR(INDEX(_Data!M2:M111,SMALL(IF(ISNUMBER(SEARCH(IF(G4="",CHAR(1),G4),_Data!B2:B111)),ROW(_Data!B2:B111)-1),1)),"")} -> Emilio Droguett | N9: {=IFERROR(INDEX(_Data!N2:N111,SMALL(IF(ISNUMBER(SEARCH(IF(G4="",CHAR(1),G4),_Data!B2:B111)),ROW(_Data!B2:B111)-1),1)),"")} -> Pia Escobar | O9: {=IFERROR(INDEX(_Data!O2:O111,SMALL(IF(ISNUMBER(SEARCH(IF(G4="",CHAR(1),G4),_Data!B2:B111)),ROW(_Data!B2:B111)-1),1)),"")} -> 0
A10: {=IFERROR(INDEX(_Data!A2:A111,SMALL(IF(ISNUMBER(SEARCH(IF(G4="",CHAR(1),G4),_Data!B2:B111)),ROW(_Data!B2:B111)-1),2)),"")} | B10: {=IFERROR(INDEX(_Data!B2:B111,SMALL(IF(ISNUMBER(SEARCH(IF(G4="",CHAR(1),G4),_Data!B2:B111)),ROW(_Data!B2:B111)-1),2)),"")} | C10: {=IFERROR(INDEX(_Data!C2:C111,SMALL(IF(ISNUMBER(SEARCH(IF(G4="",CHAR(1),G4),_Data!B2:B111)),ROW(_Data!B2:B111)-1),2)),"")} | D10: {=IFERROR(INDEX(_Data!D2:D111,SMALL(IF(ISNUMBER(SEARCH(IF(G4="",CHAR(1),G4),_Data!B2:B111)),ROW(_Data!B2:B111)-1),2)),"")} | E10: {=IFERROR(INDEX(_Data!E2:E111,SMALL(IF(ISNUMBER(SEARCH(IF(G4="",CHAR(1),G4),_Data!B2:B111)),ROW(_Data!B2:B111)-1),2)),"")} | F10: {=IFERROR(INDEX(_Data!F2:F111,SMALL(IF(ISNUMBER(SEARCH(IF(G4="",CHAR(1),G4),_Data!B2:B111)),ROW(_Data!B2:B111)-1),2)),"")} | G10: {=IFERROR(INDEX(_Data!G2:G111,SMALL(IF(ISNUMBER(SEARCH(IF(G4="",CHAR(1),G4),_Data!B2:B111)),ROW(_Data!B2:B111)-1),2)),"")} | H10: {=IFERROR(INDEX(_Data!H2:H111,SMALL(IF(ISNUMBER(SEARCH(IF(G4="",CHAR(1),G4),_Data!B2:B111)),ROW(_Data!B2:B111)-1),2)),"")} | I10: {=IFERROR(INDEX(_Data!I2:I111,SMALL(IF(ISNUMBER(SEARCH(IF(G4="",CHAR(1),G4),_Data!B2:B111)),ROW(_Data!B2:B111)-1),2)),"")} | J10: {=IFERROR(INDEX(_Data!J2:J111,SMALL(IF(ISNUMBER(SEARCH(IF(G4="",CHAR(1),G4),_Data!B2:B111)),ROW(_Data!B2:B111)-1),2)),"")} | K10: {=IFERROR(INDEX(_Data!K2:K111,SMALL(IF(ISNUMBER(SEARCH(IF(G4="",CHAR(1),G4),_Data!B2:B111)),ROW(_Data!B2:B111)-1),2)),"")} | L10: {=IFERROR(INDEX(_Data!L2:L111,SMALL(IF(ISNUMBER(SEARCH(IF(G4="",CHAR(1),G4),_Data!B2:B111)),ROW(_Data!B2:B111)-1),2)),"")} | M10: {=IFERROR(INDEX(_Data!M2:M111,SMALL(IF(ISNUMBER(SEARCH(IF(G4="",CHAR(1),G4),_Data!B2:B111)),ROW(_Data!B2:B111)-1),2)),"")} | N10: {=IFERROR(INDEX(_Data!N2:N111,SMALL(IF(ISNUMBER(SEARCH(IF(G4="",CHAR(1),G4),_Data!B2:B111)),ROW(_Data!B2:B111)-1),2)),"")} | O10: {=IFERROR(INDEX(_Data!O2:O111,SMALL(IF(ISNUMBER(SEARCH(IF(G4="",CHAR(1),G4),_Data!B2:B111)),ROW(_Data!B2:B111)-1),2)),"")}
A11: {=IFERROR(INDEX(_Data!A2:A111,SMALL(IF(ISNUMBER(SEARCH(IF(G4="",CHAR(1),G4),_Data!B2:B111)),ROW(_Data!B2:B111)-1),3)),"")} | B11: {=IFERROR(INDEX(_Data!B2:B111,SMALL(IF(ISNUMBER(SEARCH(IF(G4="",CHAR(1),G4),_Data!B2:B111)),ROW(_Data!B2:B111)-1),3)),"")} | C11: {=IFERROR(INDEX(_Data!C2:C111,SMALL(IF(ISNUMBER(SEARCH(IF(G4="",CHAR(1),G4),_Data!B2:B111)),ROW(_Data!B2:B111)-1),3)),"")} | D11: {=IFERROR(INDEX(_Data!D2:D111,SMALL(IF(ISNUMBER(SEARCH(IF(G4="",CHAR(1),G4),_Data!B2:B111)),ROW(_Data!B2:B111)-1),3)),"")} | E11: {=IFERROR(INDEX(_Data!E2:E111,SMALL(IF(ISNUMBER(SEARCH(IF(G4="",CHAR(1),G4),_Data!B2:B111)),ROW(_Data!B2:B111)-1),3)),"")} | F11: {=IFERROR(INDEX(_Data!F2:F111,SMALL(IF(ISNUMBER(SEARCH(IF(G4="",CHAR(1),G4),_Data!B2:B111)),ROW(_Data!B2:B111)-1),3)),"")} | G11: {=IFERROR(INDEX(_Data!G2:G111,SMALL(IF(ISNUMBER(SEARCH(IF(G4="",CHAR(1),G4),_Data!B2:B111)),ROW(_Data!B2:B111)-1),3)),"")} | H11: {=IFERROR(INDEX(_Data!H2:H111,SMALL(IF(ISNUMBER(SEARCH(IF(G4="",CHAR(1),G4),_Data!B2:B111)),ROW(_Data!B2:B111)-1),3)),"")} | I11: {=IFERROR(INDEX(_Data!I2:I111,SMALL(IF(ISNUMBER(SEARCH(IF(G4="",CHAR(1),G4),_Data!B2:B111)),ROW(_Data!B2:B111)-1),3)),"")} | J11: {=IFERROR(INDEX(_Data!J2:J111,SMALL(IF(ISNUMBER(SEARCH(IF(G4="",CHAR(1),G4),_Data!B2:B111)),ROW(_Data!B2:B111)-1),3)),"")} | K11: {=IFERROR(INDEX(_Data!K2:K111,SMALL(IF(ISNUMBER(SEARCH(IF(G4="",CHAR(1),G4),_Data!B2:B111)),ROW(_Data!B2:B111)-1),3)),"")} | L11: {=IFERROR(INDEX(_Data!L2:L111,SMALL(IF(ISNUMBER(SEARCH(IF(G4="",CHAR(1),G4),_Data!B2:B111)),ROW(_Data!B2:B111)-1),3)),"")} | M11: {=IFERROR(INDEX(_Data!M2:M111,SMALL(IF(ISNUMBER(SEARCH(IF(G4="",CHAR(1),G4),_Data!B2:B111)),ROW(_Data!B2:B111)-1),3)),"")} | N11: {=IFERROR(INDEX(_Data!N2:N111,SMALL(IF(ISNUMBER(SEARCH(IF(G4="",CHAR(1),G4),_Data!B2:B111)),ROW(_Data!B2:B111)-1),3)),"")} | O11: {=IFERROR(INDEX(_Data!O2:O111,SMALL(IF(ISNUMBER(SEARCH(IF(G4="",CHAR(1),G4),_Data!B2:B111)),ROW(_Data!B2:B111)-1),3)),"")}
A12: {=IFERROR(INDEX(_Data!A2:A111,SMALL(IF(ISNUMBER(SEARCH(IF(G4="",CHAR(1),G4),_Data!B2:B111)),ROW(_Data!B2:B111)-1),4)),"")} | B12: {=IFERROR(INDEX(_Data!B2:B111,SMALL(IF(ISNUMBER(SEARCH(IF(G4="",CHAR(1),G4),_Data!B2:B111)),ROW(_Data!B2:B111)-1),4)),"")} | C12: {=IFERROR(INDEX(_Data!C2:C111,SMALL(IF(ISNUMBER(SEARCH(IF(G4="",CHAR(1),G4),_Data!B2:B111)),ROW(_Data!B2:B111)-1),4)),"")} | D12: {=IFERROR(INDEX(_Data!D2:D111,SMALL(IF(ISNUMBER(SEARCH(IF(G4="",CHAR(1),G4),_Data!B2:B111)),ROW(_Data!B2:B111)-1),4)),"")} | E12: {=IFERROR(INDEX(_Data!E2:E111,SMALL(IF(ISNUMBER(SEARCH(IF(G4="",CHAR(1),G4),_Data!B2:B111)),ROW(_Data!B2:B111)-1),4)),"")} | F12: {=IFERROR(INDEX(_Data!F2:F111,SMALL(IF(ISNUMBER(SEARCH(IF(G4="",CHAR(1),G4),_Data!B2:B111)),ROW(_Data!B2:B111)-1),4)),"")} | G12: {=IFERROR(INDEX(_Data!G2:G111,SMALL(IF(ISNUMBER(SEARCH(IF(G4="",CHAR(1),G4),_Data!B2:B111)),ROW(_Data!B2:B111)-1),4)),"")} | H12: {=IFERROR(INDEX(_Data!H2:H111,SMALL(IF(ISNUMBER(SEARCH(IF(G4="",CHAR(1),G4),_Data!B2:B111)),ROW(_Data!B2:B111)-1),4)),"")} | I12: {=IFERROR(INDEX(_Data!I2:I111,SMALL(IF(ISNUMBER(SEARCH(IF(G4="",CHAR(1),G4),_Data!B2:B111)),ROW(_Data!B2:B111)-1),4)),"")} | J12: {=IFERROR(INDEX(_Data!J2:J111,SMALL(IF(ISNUMBER(SEARCH(IF(G4="",CHAR(1),G4),_Data!B2:B111)),ROW(_Data!B2:B111)-1),4)),"")} | K12: {=IFERROR(INDEX(_Data!K2:K111,SMALL(IF(ISNUMBER(SEARCH(IF(G4="",CHAR(1),G4),_Data!B2:B111)),ROW(_Data!B2:B111)-1),4)),"")} | L12: {=IFERROR(INDEX(_Data!L2:L111,SMALL(IF(ISNUMBER(SEARCH(IF(G4="",CHAR(1),G4),_Data!B2:B111)),ROW(_Data!B2:B111)-1),4)),"")} | M12: {=IFERROR(INDEX(_Data!M2:M111,SMALL(IF(ISNUMBER(SEARCH(IF(G4="",CHAR(1),G4),_Data!B2:B111)),ROW(_Data!B2:B111)-1),4)),"")} | N12: {=IFERROR(INDEX(_Data!N2:N111,SMALL(IF(ISNUMBER(SEARCH(IF(G4="",CHAR(1),G4),_Data!B2:B111)),ROW(_Data!B2:B111)-1),4)),"")} | O12: {=IFERROR(INDEX(_Data!O2:O111,SMALL(IF(ISNUMBER(SEARCH(IF(G4="",CHAR(1),G4),_Data!B2:B111)),ROW(_Data!B2:B111)-1),4)),"")}
A13: {=IFERROR(INDEX(_Data!A2:A111,SMALL(IF(ISNUMBER(SEARCH(IF(G4="",CHAR(1),G4),_Data!B2:B111)),ROW(_Data!B2:B111)-1),5)),"")} | B13: {=IFERROR(INDEX(_Data!B2:B111,SMALL(IF(ISNUMBER(SEARCH(IF(G4="",CHAR(1),G4),_Data!B2:B111)),ROW(_Data!B2:B111)-1),5)),"")} | C13: {=IFERROR(INDEX(_Data!C2:C111,SMALL(IF(ISNUMBER(SEARCH(IF(G4="",CHAR(1),G4),_Data!B2:B111)),ROW(_Data!B2:B111)-1),5)),"")} | D13: {=IFERROR(INDEX(_Data!D2:D111,SMALL(IF(ISNUMBER(SEARCH(IF(G4="",CHAR(1),G4),_Data!B2:B111)),ROW(_Data!B2:B111)-1),5)),"")} | E13: {=IFERROR(INDEX(_Data!E2:E111,SMALL(IF(ISNUMBER(SEARCH(IF(G4="",CHAR(1),G4),_Data!B2:B111)),ROW(_Data!B2:B111)-1),5)),"")} | F13: {=IFERROR(INDEX(_Data!F2:F111,SMALL(IF(ISNUMBER(SEARCH(IF(G4="",CHAR(1),G4),_Data!B2:B111)),ROW(_Data!B2:B111)-1),5)),"")} | G13: {=IFERROR(INDEX(_Data!G2:G111,SMALL(IF(ISNUMBER(SEARCH(IF(G4="",CHAR(1),G4),_Data!B2:B111)),ROW(_Data!B2:B111)-1),5)),"")} | H13: {=IFERROR(INDEX(_Data!H2:H111,SMALL(IF(ISNUMBER(SEARCH(IF(G4="",CHAR(1),G4),_Data!B2:B111)),ROW(_Data!B2:B111)-1),5)),"")} | I13: {=IFERROR(INDEX(_Data!I2:I111,SMALL(IF(ISNUMBER(SEARCH(IF(G4="",CHAR(1),G4),_Data!B2:B111)),ROW(_Data!B2:B111)-1),5)),"")} | J13: {=IFERROR(INDEX(_Data!J2:J111,SMALL(IF(ISNUMBER(SEARCH(IF(G4="",CHAR(1),G4),_Data!B2:B111)),ROW(_Data!B2:B111)-1),5)),"")} | K13: {=IFERROR(INDEX(_Data!K2:K111,SMALL(IF(ISNUMBER(SEARCH(IF(G4="",CHAR(1),G4),_Data!B2:B111)),ROW(_Data!B2:B111)-1),5)),"")} | L13: {=IFERROR(INDEX(_Data!L2:L111,SMALL(IF(ISNUMBER(SEARCH(IF(G4="",CHAR(1),G4),_Data!B2:B111)),ROW(_Data!B2:B111)-1),5)),"")} | M13: {=IFERROR(INDEX(_Data!M2:M111,SMALL(IF(ISNUMBER(SEARCH(IF(G4="",CHAR(1),G4),_Data!B2:B111)),ROW(_Data!B2:B111)-1),5)),"")} | N13: {=IFERROR(INDEX(_Data!N2:N111,SMALL(IF(ISNUMBER(SEARCH(IF(G4="",CHAR(1),G4),_Data!B2:B111)),ROW(_Data!B2:B111)-1),5)),"")} | O13: {=IFERROR(INDEX(_Data!O2:O111,SMALL(IF(ISNUMBER(SEARCH(IF(G4="",CHAR(1),G4),_Data!B2:B111)),ROW(_Data!B2:B111)-1),5)),"")}
A14: {=IFERROR(INDEX(_Data!A2:A111,SMALL(IF(ISNUMBER(SEARCH(IF(G4="",CHAR(1),G4),_Data!B2:B111)),ROW(_Data!B2:B111)-1),6)),"")} | B14: {=IFERROR(INDEX(_Data!B2:B111,SMALL(IF(ISNUMBER(SEARCH(IF(G4="",CHAR(1),G4),_Data!B2:B111)),ROW(_Data!B2:B111)-1),6)),"")} | C14: {=IFERROR(INDEX(_Data!C2:C111,SMALL(IF(ISNUMBER(SEARCH(IF(G4="",CHAR(1),G4),_Data!B2:B111)),ROW(_Data!B2:B111)-1),6)),"")} | D14: {=IFERROR(INDEX(_Data!D2:D111,SMALL(IF(ISNUMBER(SEARCH(IF(G4="",CHAR(1),G4),_Data!B2:B111)),ROW(_Data!B2:B111)-1),6)),"")} | E14: {=IFERROR(INDEX(_Data!E2:E111,SMALL(IF(ISNUMBER(SEARCH(IF(G4="",CHAR(1),G4),_Data!B2:B111)),ROW(_Data!B2:B111)-1),6)),"")} | F14: {=IFERROR(INDEX(_Data!F2:F111,SMALL(IF(ISNUMBER(SEARCH(IF(G4="",CHAR(1),G4),_Data!B2:B111)),ROW(_Data!B2:B111)-1),6)),"")} | G14: {=IFERROR(INDEX(_Data!G2:G111,SMALL(IF(ISNUMBER(SEARCH(IF(G4="",CHAR(1),G4),_Data!B2:B111)),ROW(_Data!B2:B111)-1),6)),"")} | H14: {=IFERROR(INDEX(_Data!H2:H111,SMALL(IF(ISNUMBER(SEARCH(IF(G4="",CHAR(1),G4),_Data!B2:B111)),ROW(_Data!B2:B111)-1),6)),"")} | I14: {=IFERROR(INDEX(_Data!I2:I111,SMALL(IF(ISNUMBER(SEARCH(IF(G4="",CHAR(1),G4),_Data!B2:B111)),ROW(_Data!B2:B111)-1),6)),"")} | J14: {=IFERROR(INDEX(_Data!J2:J111,SMALL(IF(ISNUMBER(SEARCH(IF(G4="",CHAR(1),G4),_Data!B2:B111)),ROW(_Data!B2:B111)-1),6)),"")} | K14: {=IFERROR(INDEX(_Data!K2:K111,SMALL(IF(ISNUMBER(SEARCH(IF(G4="",CHAR(1),G4),_Data!B2:B111)),ROW(_Data!B2:B111)-1),6)),"")} | L14: {=IFERROR(INDEX(_Data!L2:L111,SMALL(IF(ISNUMBER(SEARCH(IF(G4="",CHAR(1),G4),_Data!B2:B111)),ROW(_Data!B2:B111)-1),6)),"")} | M14: {=IFERROR(INDEX(_Data!M2:M111,SMALL(IF(ISNUMBER(SEARCH(IF(G4="",CHAR(1),G4),_Data!B2:B111)),ROW(_Data!B2:B111)-1),6)),"")} | N14: {=IFERROR(INDEX(_Data!N2:N111,SMALL(IF(ISNUMBER(SEARCH(IF(G4="",CHAR(1),G4),_Data!B2:B111)),ROW(_Data!B2:B111)-1),6)),"")} | O14: {=IFERROR(INDEX(_Data!O2:O111,SMALL(IF(ISNUMBER(SEARCH(IF(G4="",CHAR(1),G4),_Data!B2:B111)),ROW(_Data!B2:B111)-1),6)),"")}
A15: {=IFERROR(INDEX(_Data!A2:A111,SMALL(IF(ISNUMBER(SEARCH(IF(G4="",CHAR(1),G4),_Data!B2:B111)),ROW(_Data!B2:B111)-1),7)),"")} | B15: {=IFERROR(INDEX(_Data!B2:B111,SMALL(IF(ISNUMBER(SEARCH(IF(G4="",CHAR(1),G4),_Data!B2:B111)),ROW(_Data!B2:B111)-1),7)),"")} | C15: {=IFERROR(INDEX(_Data!C2:C111,SMALL(IF(ISNUMBER(SEARCH(IF(G4="",CHAR(1),G4),_Data!B2:B111)),ROW(_Data!B2:B111)-1),7)),"")} | D15: {=IFERROR(INDEX(_Data!D2:D111,SMALL(IF(ISNUMBER(SEARCH(IF(G4="",CHAR(1),G4),_Data!B2:B111)),ROW(_Data!B2:B111)-1),7)),"")} | E15: {=IFERROR(INDEX(_Data!E2:E111,SMALL(IF(ISNUMBER(SEARCH(IF(G4="",CHAR(1),G4),_Data!B2:B111)),ROW(_Data!B2:B111)-1),7)),"")} | F15: {=IFERROR(INDEX(_Data!F2:F111,SMALL(IF(ISNUMBER(SEARCH(IF(G4="",CHAR(1),G4),_Data!B2:B111)),ROW(_Data!B2:B111)-1),7)),"")} | G15: {=IFERROR(INDEX(_Data!G2:G111,SMALL(IF(ISNUMBER(SEARCH(IF(G4="",CHAR(1),G4),_Data!B2:B111)),ROW(_Data!B2:B111)-1),7)),"")} | H15: {=IFERROR(INDEX(_Data!H2:H111,SMALL(IF(ISNUMBER(SEARCH(IF(G4="",CHAR(1),G4),_Data!B2:B111)),ROW(_Data!B2:B111)-1),7)),"")} | I15: {=IFERROR(INDEX(_Data!I2:I111,SMALL(IF(ISNUMBER(SEARCH(IF(G4="",CHAR(1),G4),_Data!B2:B111)),ROW(_Data!B2:B111)-1),7)),"")} | J15: {=IFERROR(INDEX(_Data!J2:J111,SMALL(IF(ISNUMBER(SEARCH(IF(G4="",CHAR(1),G4),_Data!B2:B111)),ROW(_Data!B2:B111)-1),7)),"")} | K15: {=IFERROR(INDEX(_Data!K2:K111,SMALL(IF(ISNUMBER(SEARCH(IF(G4="",CHAR(1),G4),_Data!B2:B111)),ROW(_Data!B2:B111)-1),7)),"")} | L15: {=IFERROR(INDEX(_Data!L2:L111,SMALL(IF(ISNUMBER(SEARCH(IF(G4="",CHAR(1),G4),_Data!B2:B111)),ROW(_Data!B2:B111)-1),7)),"")} | M15: {=IFERROR(INDEX(_Data!M2:M111,SMALL(IF(ISNUMBER(SEARCH(IF(G4="",CHAR(1),G4),_Data!B2:B111)),ROW(_Data!B2:B111)-1),7)),"")} | N15: {=IFERROR(INDEX(_Data!N2:N111,SMALL(IF(ISNUMBER(SEARCH(IF(G4="",CHAR(1),G4),_Data!B2:B111)),ROW(_Data!B2:B111)-1),7)),"")} | O15: {=IFERROR(INDEX(_Data!O2:O111,SMALL(IF(ISNUMBER(SEARCH(IF(G4="",CHAR(1),G4),_Data!B2:B111)),ROW(_Data!B2:B111)-1),7)),"")}
A16: {=IFERROR(INDEX(_Data!A2:A111,SMALL(IF(ISNUMBER(SEARCH(IF(G4="",CHAR(1),G4),_Data!B2:B111)),ROW(_Data!B2:B111)-1),8)),"")} | B16: {=IFERROR(INDEX(_Data!B2:B111,SMALL(IF(ISNUMBER(SEARCH(IF(G4="",CHAR(1),G4),_Data!B2:B111)),ROW(_Data!B2:B111)-1),8)),"")} | C16: {=IFERROR(INDEX(_Data!C2:C111,SMALL(IF(ISNUMBER(SEARCH(IF(G4="",CHAR(1),G4),_Data!B2:B111)),ROW(_Data!B2:B111)-1),8)),"")} | D16: {=IFERROR(INDEX(_Data!D2:D111,SMALL(IF(ISNUMBER(SEARCH(IF(G4="",CHAR(1),G4),_Data!B2:B111)),ROW(_Data!B2:B111)-1),8)),"")} | E16: {=IFERROR(INDEX(_Data!E2:E111,SMALL(IF(ISNUMBER(SEARCH(IF(G4="",CHAR(1),G4),_Data!B2:B111)),ROW(_Data!B2:B111)-1),8)),"")} | F16: {=IFERROR(INDEX(_Data!F2:F111,SMALL(IF(ISNUMBER(SEARCH(IF(G4="",CHAR(1),G4),_Data!B2:B111)),ROW(_Data!B2:B111)-1),8)),"")} | G16: {=IFERROR(INDEX(_Data!G2:G111,SMALL(IF(ISNUMBER(SEARCH(IF(G4="",CHAR(1),G4),_Data!B2:B111)),ROW(_Data!B2:B111)-1),8)),"")} | H16: {=IFERROR(INDEX(_Data!H2:H111,SMALL(IF(ISNUMBER(SEARCH(IF(G4="",CHAR(1),G4),_Data!B2:B111)),ROW(_Data!B2:B111)-1),8)),"")} | I16: {=IFERROR(INDEX(_Data!I2:I111,SMALL(IF(ISNUMBER(SEARCH(IF(G4="",CHAR(1),G4),_Data!B2:B111)),ROW(_Data!B2:B111)-1),8)),"")} | J16: {=IFERROR(INDEX(_Data!J2:J111,SMALL(IF(ISNUMBER(SEARCH(IF(G4="",CHAR(1),G4),_Data!B2:B111)),ROW(_Data!B2:B111)-1),8)),"")} | K16: {=IFERROR(INDEX(_Data!K2:K111,SMALL(IF(ISNUMBER(SEARCH(IF(G4="",CHAR(1),G4),_Data!B2:B111)),ROW(_Data!B2:B111)-1),8)),"")} | L16: {=IFERROR(INDEX(_Data!L2:L111,SMALL(IF(ISNUMBER(SEARCH(IF(G4="",CHAR(1),G4),_Data!B2:B111)),ROW(_Data!B2:B111)-1),8)),"")} | M16: {=IFERROR(INDEX(_Data!M2:M111,SMALL(IF(ISNUMBER(SEARCH(IF(G4="",CHAR(1),G4),_Data!B2:B111)),ROW(_Data!B2:B111)-1),8)),"")} | N16: {=IFERROR(INDEX(_Data!N2:N111,SMALL(IF(ISNUMBER(SEARCH(IF(G4="",CHAR(1),G4),_Data!B2:B111)),ROW(_Data!B2:B111)-1),8)),"")} | O16: {=IFERROR(INDEX(_Data!O2:O111,SMALL(IF(ISNUMBER(SEARCH(IF(G4="",CHAR(1),G4),_Data!B2:B111)),ROW(_Data!B2:B111)-1),8)),"")}
A17: {=IFERROR(INDEX(_Data!A2:A111,SMALL(IF(ISNUMBER(SEARCH(IF(G4="",CHAR(1),G4),_Data!B2:B111)),ROW(_Data!B2:B111)-1),9)),"")} | B17: {=IFERROR(INDEX(_Data!B2:B111,SMALL(IF(ISNUMBER(SEARCH(IF(G4="",CHAR(1),G4),_Data!B2:B111)),ROW(_Data!B2:B111)-1),9)),"")} | C17: {=IFERROR(INDEX(_Data!C2:C111,SMALL(IF(ISNUMBER(SEARCH(IF(G4="",CHAR(1),G4),_Data!B2:B111)),ROW(_Data!B2:B111)-1),9)),"")} | D17: {=IFERROR(INDEX(_Data!D2:D111,SMALL(IF(ISNUMBER(SEARCH(IF(G4="",CHAR(1),G4),_Data!B2:B111)),ROW(_Data!B2:B111)-1),9)),"")} | E17: {=IFERROR(INDEX(_Data!E2:E111,SMALL(IF(ISNUMBER(SEARCH(IF(G4="",CHAR(1),G4),_Data!B2:B111)),ROW(_Data!B2:B111)-1),9)),"")} | F17: {=IFERROR(INDEX(_Data!F2:F111,SMALL(IF(ISNUMBER(SEARCH(IF(G4="",CHAR(1),G4),_Data!B2:B111)),ROW(_Data!B2:B111)-1),9)),"")} | G17: {=IFERROR(INDEX(_Data!G2:G111,SMALL(IF(ISNUMBER(SEARCH(IF(G4="",CHAR(1),G4),_Data!B2:B111)),ROW(_Data!B2:B111)-1),9)),"")} | H17: {=IFERROR(INDEX(_Data!H2:H111,SMALL(IF(ISNUMBER(SEARCH(IF(G4="",CHAR(1),G4),_Data!B2:B111)),ROW(_Data!B2:B111)-1),9)),"")} | I17: {=IFERROR(INDEX(_Data!I2:I111,SMALL(IF(ISNUMBER(SEARCH(IF(G4="",CHAR(1),G4),_Data!B2:B111)),ROW(_Data!B2:B111)-1),9)),"")} | J17: {=IFERROR(INDEX(_Data!J2:J111,SMALL(IF(ISNUMBER(SEARCH(IF(G4="",CHAR(1),G4),_Data!B2:B111)),ROW(_Data!B2:B111)-1),9)),"")} | K17: {=IFERROR(INDEX(_Data!K2:K111,SMALL(IF(ISNUMBER(SEARCH(IF(G4="",CHAR(1),G4),_Data!B2:B111)),ROW(_Data!B2:B111)-1),9)),"")} | L17: {=IFERROR(INDEX(_Data!L2:L111,SMALL(IF(ISNUMBER(SEARCH(IF(G4="",CHAR(1),G4),_Data!B2:B111)),ROW(_Data!B2:B111)-1),9)),"")} | M17: {=IFERROR(INDEX(_Data!M2:M111,SMALL(IF(ISNUMBER(SEARCH(IF(G4="",CHAR(1),G4),_Data!B2:B111)),ROW(_Data!B2:B111)-1),9)),"")} | N17: {=IFERROR(INDEX(_Data!N2:N111,SMALL(IF(ISNUMBER(SEARCH(IF(G4="",CHAR(1),G4),_Data!B2:B111)),ROW(_Data!B2:B111)-1),9)),"")} | O17: {=IFERROR(INDEX(_Data!O2:O111,SMALL(IF(ISNUMBER(SEARCH(IF(G4="",CHAR(1),G4),_Data!B2:B111)),ROW(_Data!B2:B111)-1),9)),"")}
A18: {=IFERROR(INDEX(_Data!A2:A111,SMALL(IF(ISNUMBER(SEARCH(IF(G4="",CHAR(1),G4),_Data!B2:B111)),ROW(_Data!B2:B111)-1),10)),"")} | B18: {=IFERROR(INDEX(_Data!B2:B111,SMALL(IF(ISNUMBER(SEARCH(IF(G4="",CHAR(1),G4),_Data!B2:B111)),ROW(_Data!B2:B111)-1),10)),"")} | C18: {=IFERROR(INDEX(_Data!C2:C111,SMALL(IF(ISNUMBER(SEARCH(IF(G4="",CHAR(1),G4),_Data!B2:B111)),ROW(_Data!B2:B111)-1),10)),"")} | D18: {=IFERROR(INDEX(_Data!D2:D111,SMALL(IF(ISNUMBER(SEARCH(IF(G4="",CHAR(1),G4),_Data!B2:B111)),ROW(_Data!B2:B111)-1),10)),"")} | E18: {=IFERROR(INDEX(_Data!E2:E111,SMALL(IF(ISNUMBER(SEARCH(IF(G4="",CHAR(1),G4),_Data!B2:B111)),ROW(_Data!B2:B111)-1),10)),"")} | F18: {=IFERROR(INDEX(_Data!F2:F111,SMALL(IF(ISNUMBER(SEARCH(IF(G4="",CHAR(1),G4),_Data!B2:B111)),ROW(_Data!B2:B111)-1),10)),"")} | G18: {=IFERROR(INDEX(_Data!G2:G111,SMALL(IF(ISNUMBER(SEARCH(IF(G4="",CHAR(1),G4),_Data!B2:B111)),ROW(_Data!B2:B111)-1),10)),"")} | H18: {=IFERROR(INDEX(_Data!H2:H111,SMALL(IF(ISNUMBER(SEARCH(IF(G4="",CHAR(1),G4),_Data!B2:B111)),ROW(_Data!B2:B111)-1),10)),"")} | I18: {=IFERROR(INDEX(_Data!I2:I111,SMALL(IF(ISNUMBER(SEARCH(IF(G4="",CHAR(1),G4),_Data!B2:B111)),ROW(_Data!B2:B111)-1),10)),"")} | J18: {=IFERROR(INDEX(_Data!J2:J111,SMALL(IF(ISNUMBER(SEARCH(IF(G4="",CHAR(1),G4),_Data!B2:B111)),ROW(_Data!B2:B111)-1),10)),"")} | K18: {=IFERROR(INDEX(_Data!K2:K111,SMALL(IF(ISNUMBER(SEARCH(IF(G4="",CHAR(1),G4),_Data!B2:B111)),ROW(_Data!B2:B111)-1),10)),"")} | L18: {=IFERROR(INDEX(_Data!L2:L111,SMALL(IF(ISNUMBER(SEARCH(IF(G4="",CHAR(1),G4),_Data!B2:B111)),ROW(_Data!B2:B111)-1),10)),"")} | M18: {=IFERROR(INDEX(_Data!M2:M111,SMALL(IF(ISNUMBER(SEARCH(IF(G4="",CHAR(1),G4),_Data!B2:B111)),ROW(_Data!B2:B111)-1),10)),"")} | N18: {=IFERROR(INDEX(_Data!N2:N111,SMALL(IF(ISNUMBER(SEARCH(IF(G4="",CHAR(1),G4),_Data!B2:B111)),ROW(_Data!B2:B111)-1),10)),"")} | O18: {=IFERROR(INDEX(_Data!O2:O111,SMALL(IF(ISNUMBER(SEARCH(IF(G4="",CHAR(1),G4),_Data!B2:B111)),ROW(_Data!B2:B111)-1),10)),"")}
A19: {=IFERROR(INDEX(_Data!A2:A111,SMALL(IF(ISNUMBER(SEARCH(IF(G4="",CHAR(1),G4),_Data!B2:B111)),ROW(_Data!B2:B111)-1),11)),"")} | B19: {=IFERROR(INDEX(_Data!B2:B111,SMALL(IF(ISNUMBER(SEARCH(IF(G4="",CHAR(1),G4),_Data!B2:B111)),ROW(_Data!B2:B111)-1),11)),"")} | C19: {=IFERROR(INDEX(_Data!C2:C111,SMALL(IF(ISNUMBER(SEARCH(IF(G4="",CHAR(1),G4),_Data!B2:B111)),ROW(_Data!B2:B111)-1),11)),"")} | D19: {=IFERROR(INDEX(_Data!D2:D111,SMALL(IF(ISNUMBER(SEARCH(IF(G4="",CHAR(1),G4),_Data!B2:B111)),ROW(_Data!B2:B111)-1),11)),"")} | E19: {=IFERROR(INDEX(_Data!E2:E111,SMALL(IF(ISNUMBER(SEARCH(IF(G4="",CHAR(1),G4),_Data!B2:B111)),ROW(_Data!B2:B111)-1),11)),"")} | F19: {=IFERROR(INDEX(_Data!F2:F111,SMALL(IF(ISNUMBER(SEARCH(IF(G4="",CHAR(1),G4),_Data!B2:B111)),ROW(_Data!B2:B111)-1),11)),"")} | G19: {=IFERROR(INDEX(_Data!G2:G111,SMALL(IF(ISNUMBER(SEARCH(IF(G4="",CHAR(1),G4),_Data!B2:B111)),ROW(_Data!B2:B111)-1),11)),"")} | H19: {=IFERROR(INDEX(_Data!H2:H111,SMALL(IF(ISNUMBER(SEARCH(IF(G4="",CHAR(1),G4),_Data!B2:B111)),ROW(_Data!B2:B111)-1),11)),"")} | I19: {=IFERROR(INDEX(_Data!I2:I111,SMALL(IF(ISNUMBER(SEARCH(IF(G4="",CHAR(1),G4),_Data!B2:B111)),ROW(_Data!B2:B111)-1),11)),"")} | J19: {=IFERROR(INDEX(_Data!J2:J111,SMALL(IF(ISNUMBER(SEARCH(IF(G4="",CHAR(1),G4),_Data!B2:B111)),ROW(_Data!B2:B111)-1),11)),"")} | K19: {=IFERROR(INDEX(_Data!K2:K111,SMALL(IF(ISNUMBER(SEARCH(IF(G4="",CHAR(1),G4),_Data!B2:B111)),ROW(_Data!B2:B111)-1),11)),"")} | L19: {=IFERROR(INDEX(_Data!L2:L111,SMALL(IF(ISNUMBER(SEARCH(IF(G4="",CHAR(1),G4),_Data!B2:B111)),ROW(_Data!B2:B111)-1),11)),"")} | M19: {=IFERROR(INDEX(_Data!M2:M111,SMALL(IF(ISNUMBER(SEARCH(IF(G4="",CHAR(1),G4),_Data!B2:B111)),ROW(_Data!B2:B111)-1),11)),"")} | N19: {=IFERROR(INDEX(_Data!N2:N111,SMALL(IF(ISNUMBER(SEARCH(IF(G4="",CHAR(1),G4),_Data!B2:B111)),ROW(_Data!B2:B111)-1),11)),"")} | O19: {=IFERROR(INDEX(_Data!O2:O111,SMALL(IF(ISNUMBER(SEARCH(IF(G4="",CHAR(1),G4),_Data!B2:B111)),ROW(_Data!B2:B111)-1),11)),"")}
A20: {=IFERROR(INDEX(_Data!A2:A111,SMALL(IF(ISNUMBER(SEARCH(IF(G4="",CHAR(1),G4),_Data!B2:B111)),ROW(_Data!B2:B111)-1),12)),"")} | B20: {=IFERROR(INDEX(_Data!B2:B111,SMALL(IF(ISNUMBER(SEARCH(IF(G4="",CHAR(1),G4),_Data!B2:B111)),ROW(_Data!B2:B111)-1),12)),"")} | C20: {=IFERROR(INDEX(_Data!C2:C111,SMALL(IF(ISNUMBER(SEARCH(IF(G4="",CHAR(1),G4),_Data!B2:B111)),ROW(_Data!B2:B111)-1),12)),"")} | D20: {=IFERROR(INDEX(_Data!D2:D111,SMALL(IF(ISNUMBER(SEARCH(IF(G4="",CHAR(1),G4),_Data!B2:B111)),ROW(_Data!B2:B111)-1),12)),"")} | E20: {=IFERROR(INDEX(_Data!E2:E111,SMALL(IF(ISNUMBER(SEARCH(IF(G4="",CHAR(1),G4),_Data!B2:B111)),ROW(_Data!B2:B111)-1),12)),"")} | F20: {=IFERROR(INDEX(_Data!F2:F111,SMALL(IF(ISNUMBER(SEARCH(IF(G4="",CHAR(1),G4),_Data!B2:B111)),ROW(_Data!B2:B111)-1),12)),"")} | G20: {=IFERROR(INDEX(_Data!G2:G111,SMALL(IF(ISNUMBER(SEARCH(IF(G4="",CHAR(1),G4),_Data!B2:B111)),ROW(_Data!B2:B111)-1),12)),"")} | H20: {=IFERROR(INDEX(_Data!H2:H111,SMALL(IF(ISNUMBER(SEARCH(IF(G4="",CHAR(1),G4),_Data!B2:B111)),ROW(_Data!B2:B111)-1),12)),"")} | I20: {=IFERROR(INDEX(_Data!I2:I111,SMALL(IF(ISNUMBER(SEARCH(IF(G4="",CHAR(1),G4),_Data!B2:B111)),ROW(_Data!B2:B111)-1),12)),"")} | J20: {=IFERROR(INDEX(_Data!J2:J111,SMALL(IF(ISNUMBER(SEARCH(IF(G4="",CHAR(1),G4),_Data!B2:B111)),ROW(_Data!B2:B111)-1),12)),"")} | K20: {=IFERROR(INDEX(_Data!K2:K111,SMALL(IF(ISNUMBER(SEARCH(IF(G4="",CHAR(1),G4),_Data!B2:B111)),ROW(_Data!B2:B111)-1),12)),"")} | L20: {=IFERROR(INDEX(_Data!L2:L111,SMALL(IF(ISNUMBER(SEARCH(IF(G4="",CHAR(1),G4),_Data!B2:B111)),ROW(_Data!B2:B111)-1),12)),"")} | M20: {=IFERROR(INDEX(_Data!M2:M111,SMALL(IF(ISNUMBER(SEARCH(IF(G4="",CHAR(1),G4),_Data!B2:B111)),ROW(_Data!B2:B111)-1),12)),"")} | N20: {=IFERROR(INDEX(_Data!N2:N111,SMALL(IF(ISNUMBER(SEARCH(IF(G4="",CHAR(1),G4),_Data!B2:B111)),ROW(_Data!B2:B111)-1),12)),"")} | O20: {=IFERROR(INDEX(_Data!O2:O111,SMALL(IF(ISNUMBER(SEARCH(IF(G4="",CHAR(1),G4),_Data!B2:B111)),ROW(_Data!B2:B111)-1),12)),"")}
A21: {=IFERROR(INDEX(_Data!A2:A111,SMALL(IF(ISNUMBER(SEARCH(IF(G4="",CHAR(1),G4),_Data!B2:B111)),ROW(_Data!B2:B111)-1),13)),"")} | B21: {=IFERROR(INDEX(_Data!B2:B111,SMALL(IF(ISNUMBER(SEARCH(IF(G4="",CHAR(1),G4),_Data!B2:B111)),ROW(_Data!B2:B111)-1),13)),"")} | C21: {=IFERROR(INDEX(_Data!C2:C111,SMALL(IF(ISNUMBER(SEARCH(IF(G4="",CHAR(1),G4),_Data!B2:B111)),ROW(_Data!B2:B111)-1),13)),"")} | D21: {=IFERROR(INDEX(_Data!D2:D111,SMALL(IF(ISNUMBER(SEARCH(IF(G4="",CHAR(1),G4),_Data!B2:B111)),ROW(_Data!B2:B111)-1),13)),"")} | E21: {=IFERROR(INDEX(_Data!E2:E111,SMALL(IF(ISNUMBER(SEARCH(IF(G4="",CHAR(1),G4),_Data!B2:B111)),ROW(_Data!B2:B111)-1),13)),"")} | F21: {=IFERROR(INDEX(_Data!F2:F111,SMALL(IF(ISNUMBER(SEARCH(IF(G4="",CHAR(1),G4),_Data!B2:B111)),ROW(_Data!B2:B111)-1),13)),"")} | G21: {=IFERROR(INDEX(_Data!G2:G111,SMALL(IF(ISNUMBER(SEARCH(IF(G4="",CHAR(1),G4),_Data!B2:B111)),ROW(_Data!B2:B111)-1),13)),"")} | H21: {=IFERROR(INDEX(_Data!H2:H111,SMALL(IF(ISNUMBER(SEARCH(IF(G4="",CHAR(1),G4),_Data!B2:B111)),ROW(_Data!B2:B111)-1),13)),"")} | I21: {=IFERROR(INDEX(_Data!I2:I111,SMALL(IF(ISNUMBER(SEARCH(IF(G4="",CHAR(1),G4),_Data!B2:B111)),ROW(_Data!B2:B111)-1),13)),"")} | J21: {=IFERROR(INDEX(_Data!J2:J111,SMALL(IF(ISNUMBER(SEARCH(IF(G4="",CHAR(1),G4),_Data!B2:B111)),ROW(_Data!B2:B111)-1),13)),"")} | K21: {=IFERROR(INDEX(_Data!K2:K111,SMALL(IF(ISNUMBER(SEARCH(IF(G4="",CHAR(1),G4),_Data!B2:B111)),ROW(_Data!B2:B111)-1),13)),"")} | L21: {=IFERROR(INDEX(_Data!L2:L111,SMALL(IF(ISNUMBER(SEARCH(IF(G4="",CHAR(1),G4),_Data!B2:B111)),ROW(_Data!B2:B111)-1),13)),"")} | M21: {=IFERROR(INDEX(_Data!M2:M111,SMALL(IF(ISNUMBER(SEARCH(IF(G4="",CHAR(1),G4),_Data!B2:B111)),ROW(_Data!B2:B111)-1),13)),"")} | N21: {=IFERROR(INDEX(_Data!N2:N111,SMALL(IF(ISNUMBER(SEARCH(IF(G4="",CHAR(1),G4),_Data!B2:B111)),ROW(_Data!B2:B111)-1),13)),"")} | O21: {=IFERROR(INDEX(_Data!O2:O111,SMALL(IF(ISNUMBER(SEARCH(IF(G4="",CHAR(1),G4),_Data!B2:B111)),ROW(_Data!B2:B111)-1),13)),"")}
A22: {=IFERROR(INDEX(_Data!A2:A111,SMALL(IF(ISNUMBER(SEARCH(IF(G4="",CHAR(1),G4),_Data!B2:B111)),ROW(_Data!B2:B111)-1),14)),"")} | B22: {=IFERROR(INDEX(_Data!B2:B111,SMALL(IF(ISNUMBER(SEARCH(IF(G4="",CHAR(1),G4),_Data!B2:B111)),ROW(_Data!B2:B111)-1),14)),"")} | C22: {=IFERROR(INDEX(_Data!C2:C111,SMALL(IF(ISNUMBER(SEARCH(IF(G4="",CHAR(1),G4),_Data!B2:B111)),ROW(_Data!B2:B111)-1),14)),"")} | D22: {=IFERROR(INDEX(_Data!D2:D111,SMALL(IF(ISNUMBER(SEARCH(IF(G4="",CHAR(1),G4),_Data!B2:B111)),ROW(_Data!B2:B111)-1),14)),"")} | E22: {=IFERROR(INDEX(_Data!E2:E111,SMALL(IF(ISNUMBER(SEARCH(IF(G4="",CHAR(1),G4),_Data!B2:B111)),ROW(_Data!B2:B111)-1),14)),"")} | F22: {=IFERROR(INDEX(_Data!F2:F111,SMALL(IF(ISNUMBER(SEARCH(IF(G4="",CHAR(1),G4),_Data!B2:B111)),ROW(_Data!B2:B111)-1),14)),"")} | G22: {=IFERROR(INDEX(_Data!G2:G111,SMALL(IF(ISNUMBER(SEARCH(IF(G4="",CHAR(1),G4),_Data!B2:B111)),ROW(_Data!B2:B111)-1),14)),"")} | H22: {=IFERROR(INDEX(_Data!H2:H111,SMALL(IF(ISNUMBER(SEARCH(IF(G4="",CHAR(1),G4),_Data!B2:B111)),ROW(_Data!B2:B111)-1),14)),"")} | I22: {=IFERROR(INDEX(_Data!I2:I111,SMALL(IF(ISNUMBER(SEARCH(IF(G4="",CHAR(1),G4),_Data!B2:B111)),ROW(_Data!B2:B111)-1),14)),"")} | J22: {=IFERROR(INDEX(_Data!J2:J111,SMALL(IF(ISNUMBER(SEARCH(IF(G4="",CHAR(1),G4),_Data!B2:B111)),ROW(_Data!B2:B111)-1),14)),"")} | K22: {=IFERROR(INDEX(_Data!K2:K111,SMALL(IF(ISNUMBER(SEARCH(IF(G4="",CHAR(1),G4),_Data!B2:B111)),ROW(_Data!B2:B111)-1),14)),"")} | L22: {=IFERROR(INDEX(_Data!L2:L111,SMALL(IF(ISNUMBER(SEARCH(IF(G4="",CHAR(1),G4),_Data!B2:B111)),ROW(_Data!B2:B111)-1),14)),"")} | M22: {=IFERROR(INDEX(_Data!M2:M111,SMALL(IF(ISNUMBER(SEARCH(IF(G4="",CHAR(1),G4),_Data!B2:B111)),ROW(_Data!B2:B111)-1),14)),"")} | N22: {=IFERROR(INDEX(_Data!N2:N111,SMALL(IF(ISNUMBER(SEARCH(IF(G4="",CHAR(1),G4),_Data!B2:B111)),ROW(_Data!B2:B111)-1),14)),"")} | O22: {=IFERROR(INDEX(_Data!O2:O111,SMALL(IF(ISNUMBER(SEARCH(IF(G4="",CHAR(1),G4),_Data!B2:B111)),ROW(_Data!B2:B111)-1),14)),"")}
A23: {=IFERROR(INDEX(_Data!A2:A111,SMALL(IF(ISNUMBER(SEARCH(IF(G4="",CHAR(1),G4),_Data!B2:B111)),ROW(_Data!B2:B111)-1),15)),"")} | B23: {=IFERROR(INDEX(_Data!B2:B111,SMALL(IF(ISNUMBER(SEARCH(IF(G4="",CHAR(1),G4),_Data!B2:B111)),ROW(_Data!B2:B111)-1),15)),"")} | C23: {=IFERROR(INDEX(_Data!C2:C111,SMALL(IF(ISNUMBER(SEARCH(IF(G4="",CHAR(1),G4),_Data!B2:B111)),ROW(_Data!B2:B111)-1),15)),"")} | D23: {=IFERROR(INDEX(_Data!D2:D111,SMALL(IF(ISNUMBER(SEARCH(IF(G4="",CHAR(1),G4),_Data!B2:B111)),ROW(_Data!B2:B111)-1),15)),"")} | E23: {=IFERROR(INDEX(_Data!E2:E111,SMALL(IF(ISNUMBER(SEARCH(IF(G4="",CHAR(1),G4),_Data!B2:B111)),ROW(_Data!B2:B111)-1),15)),"")} | F23: {=IFERROR(INDEX(_Data!F2:F111,SMALL(IF(ISNUMBER(SEARCH(IF(G4="",CHAR(1),G4),_Data!B2:B111)),ROW(_Data!B2:B111)-1),15)),"")} | G23: {=IFERROR(INDEX(_Data!G2:G111,SMALL(IF(ISNUMBER(SEARCH(IF(G4="",CHAR(1),G4),_Data!B2:B111)),ROW(_Data!B2:B111)-1),15)),"")} | H23: {=IFERROR(INDEX(_Data!H2:H111,SMALL(IF(ISNUMBER(SEARCH(IF(G4="",CHAR(1),G4),_Data!B2:B111)),ROW(_Data!B2:B111)-1),15)),"")} | I23: {=IFERROR(INDEX(_Data!I2:I111,SMALL(IF(ISNUMBER(SEARCH(IF(G4="",CHAR(1),G4),_Data!B2:B111)),ROW(_Data!B2:B111)-1),15)),"")} | J23: {=IFERROR(INDEX(_Data!J2:J111,SMALL(IF(ISNUMBER(SEARCH(IF(G4="",CHAR(1),G4),_Data!B2:B111)),ROW(_Data!B2:B111)-1),15)),"")} | K23: {=IFERROR(INDEX(_Data!K2:K111,SMALL(IF(ISNUMBER(SEARCH(IF(G4="",CHAR(1),G4),_Data!B2:B111)),ROW(_Data!B2:B111)-1),15)),"")} | L23: {=IFERROR(INDEX(_Data!L2:L111,SMALL(IF(ISNUMBER(SEARCH(IF(G4="",CHAR(1),G4),_Data!B2:B111)),ROW(_Data!B2:B111)-1),15)),"")} | M23: {=IFERROR(INDEX(_Data!M2:M111,SMALL(IF(ISNUMBER(SEARCH(IF(G4="",CHAR(1),G4),_Data!B2:B111)),ROW(_Data!B2:B111)-1),15)),"")} | N23: {=IFERROR(INDEX(_Data!N2:N111,SMALL(IF(ISNUMBER(SEARCH(IF(G4="",CHAR(1),G4),_Data!B2:B111)),ROW(_Data!B2:B111)-1),15)),"")} | O23: {=IFERROR(INDEX(_Data!O2:O111,SMALL(IF(ISNUMBER(SEARCH(IF(G4="",CHAR(1),G4),_Data!B2:B111)),ROW(_Data!B2:B111)-1),15)),"")}
A24: {=IFERROR(INDEX(_Data!A2:A111,SMALL(IF(ISNUMBER(SEARCH(IF(G4="",CHAR(1),G4),_Data!B2:B111)),ROW(_Data!B2:B111)-1),16)),"")} | B24: {=IFERROR(INDEX(_Data!B2:B111,SMALL(IF(ISNUMBER(SEARCH(IF(G4="",CHAR(1),G4),_Data!B2:B111)),ROW(_Data!B2:B111)-1),16)),"")} | C24: {=IFERROR(INDEX(_Data!C2:C111,SMALL(IF(ISNUMBER(SEARCH(IF(G4="",CHAR(1),G4),_Data!B2:B111)),ROW(_Data!B2:B111)-1),16)),"")} | D24: {=IFERROR(INDEX(_Data!D2:D111,SMALL(IF(ISNUMBER(SEARCH(IF(G4="",CHAR(1),G4),_Data!B2:B111)),ROW(_Data!B2:B111)-1),16)),"")} | E24: {=IFERROR(INDEX(_Data!E2:E111,SMALL(IF(ISNUMBER(SEARCH(IF(G4="",CHAR(1),G4),_Data!B2:B111)),ROW(_Data!B2:B111)-1),16)),"")} | F24: {=IFERROR(INDEX(_Data!F2:F111,SMALL(IF(ISNUMBER(SEARCH(IF(G4="",CHAR(1),G4),_Data!B2:B111)),ROW(_Data!B2:B111)-1),16)),"")} | G24: {=IFERROR(INDEX(_Data!G2:G111,SMALL(IF(ISNUMBER(SEARCH(IF(G4="",CHAR(1),G4),_Data!B2:B111)),ROW(_Data!B2:B111)-1),16)),"")} | H24: {=IFERROR(INDEX(_Data!H2:H111,SMALL(IF(ISNUMBER(SEARCH(IF(G4="",CHAR(1),G4),_Data!B2:B111)),ROW(_Data!B2:B111)-1),16)),"")} | I24: {=IFERROR(INDEX(_Data!I2:I111,SMALL(IF(ISNUMBER(SEARCH(IF(G4="",CHAR(1),G4),_Data!B2:B111)),ROW(_Data!B2:B111)-1),16)),"")} | J24: {=IFERROR(INDEX(_Data!J2:J111,SMALL(IF(ISNUMBER(SEARCH(IF(G4="",CHAR(1),G4),_Data!B2:B111)),ROW(_Data!B2:B111)-1),16)),"")} | K24: {=IFERROR(INDEX(_Data!K2:K111,SMALL(IF(ISNUMBER(SEARCH(IF(G4="",CHAR(1),G4),_Data!B2:B111)),ROW(_Data!B2:B111)-1),16)),"")} | L24: {=IFERROR(INDEX(_Data!L2:L111,SMALL(IF(ISNUMBER(SEARCH(IF(G4="",CHAR(1),G4),_Data!B2:B111)),ROW(_Data!B2:B111)-1),16)),"")} | M24: {=IFERROR(INDEX(_Data!M2:M111,SMALL(IF(ISNUMBER(SEARCH(IF(G4="",CHAR(1),G4),_Data!B2:B111)),ROW(_Data!B2:B111)-1),16)),"")} | N24: {=IFERROR(INDEX(_Data!N2:N111,SMALL(IF(ISNUMBER(SEARCH(IF(G4="",CHAR(1),G4),_Data!B2:B111)),ROW(_Data!B2:B111)-1),16)),"")} | O24: {=IFERROR(INDEX(_Data!O2:O111,SMALL(IF(ISNUMBER(SEARCH(IF(G4="",CHAR(1),G4),_Data!B2:B111)),ROW(_Data!B2:B111)-1),16)),"")}
A25: {=IFERROR(INDEX(_Data!A2:A111,SMALL(IF(ISNUMBER(SEARCH(IF(G4="",CHAR(1),G4),_Data!B2:B111)),ROW(_Data!B2:B111)-1),17)),"")} | B25: {=IFERROR(INDEX(_Data!B2:B111,SMALL(IF(ISNUMBER(SEARCH(IF(G4="",CHAR(1),G4),_Data!B2:B111)),ROW(_Data!B2:B111)-1),17)),"")} | C25: {=IFERROR(INDEX(_Data!C2:C111,SMALL(IF(ISNUMBER(SEARCH(IF(G4="",CHAR(1),G4),_Data!B2:B111)),ROW(_Data!B2:B111)-1),17)),"")} | D25: {=IFERROR(INDEX(_Data!D2:D111,SMALL(IF(ISNUMBER(SEARCH(IF(G4="",CHAR(1),G4),_Data!B2:B111)),ROW(_Data!B2:B111)-1),17)),"")} | E25: {=IFERROR(INDEX(_Data!E2:E111,SMALL(IF(ISNUMBER(SEARCH(IF(G4="",CHAR(1),G4),_Data!B2:B111)),ROW(_Data!B2:B111)-1),17)),"")} | F25: {=IFERROR(INDEX(_Data!F2:F111,SMALL(IF(ISNUMBER(SEARCH(IF(G4="",CHAR(1),G4),_Data!B2:B111)),ROW(_Data!B2:B111)-1),17)),"")} | G25: {=IFERROR(INDEX(_Data!G2:G111,SMALL(IF(ISNUMBER(SEARCH(IF(G4="",CHAR(1),G4),_Data!B2:B111)),ROW(_Data!B2:B111)-1),17)),"")} | H25: {=IFERROR(INDEX(_Data!H2:H111,SMALL(IF(ISNUMBER(SEARCH(IF(G4="",CHAR(1),G4),_Data!B2:B111)),ROW(_Data!B2:B111)-1),17)),"")} | I25: {=IFERROR(INDEX(_Data!I2:I111,SMALL(IF(ISNUMBER(SEARCH(IF(G4="",CHAR(1),G4),_Data!B2:B111)),ROW(_Data!B2:B111)-1),17)),"")} | J25: {=IFERROR(INDEX(_Data!J2:J111,SMALL(IF(ISNUMBER(SEARCH(IF(G4="",CHAR(1),G4),_Data!B2:B111)),ROW(_Data!B2:B111)-1),17)),"")} | K25: {=IFERROR(INDEX(_Data!K2:K111,SMALL(IF(ISNUMBER(SEARCH(IF(G4="",CHAR(1),G4),_Data!B2:B111)),ROW(_Data!B2:B111)-1),17)),"")} | L25: {=IFERROR(INDEX(_Data!L2:L111,SMALL(IF(ISNUMBER(SEARCH(IF(G4="",CHAR(1),G4),_Data!B2:B111)),ROW(_Data!B2:B111)-1),17)),"")} | M25: {=IFERROR(INDEX(_Data!M2:M111,SMALL(IF(ISNUMBER(SEARCH(IF(G4="",CHAR(1),G4),_Data!B2:B111)),ROW(_Data!B2:B111)-1),17)),"")} | N25: {=IFERROR(INDEX(_Data!N2:N111,SMALL(IF(ISNUMBER(SEARCH(IF(G4="",CHAR(1),G4),_Data!B2:B111)),ROW(_Data!B2:B111)-1),17)),"")} | O25: {=IFERROR(INDEX(_Data!O2:O111,SMALL(IF(ISNUMBER(SEARCH(IF(G4="",CHAR(1),G4),_Data!B2:B111)),ROW(_Data!B2:B111)-1),17)),"")}
A26: {=IFERROR(INDEX(_Data!A2:A111,SMALL(IF(ISNUMBER(SEARCH(IF(G4="",CHAR(1),G4),_Data!B2:B111)),ROW(_Data!B2:B111)-1),18)),"")} | B26: {=IFERROR(INDEX(_Data!B2:B111,SMALL(IF(ISNUMBER(SEARCH(IF(G4="",CHAR(1),G4),_Data!B2:B111)),ROW(_Data!B2:B111)-1),18)),"")} | C26: {=IFERROR(INDEX(_Data!C2:C111,SMALL(IF(ISNUMBER(SEARCH(IF(G4="",CHAR(1),G4),_Data!B2:B111)),ROW(_Data!B2:B111)-1),18)),"")} | D26: {=IFERROR(INDEX(_Data!D2:D111,SMALL(IF(ISNUMBER(SEARCH(IF(G4="",CHAR(1),G4),_Data!B2:B111)),ROW(_Data!B2:B111)-1),18)),"")} | E26: {=IFERROR(INDEX(_Data!E2:E111,SMALL(IF(ISNUMBER(SEARCH(IF(G4="",CHAR(1),G4),_Data!B2:B111)),ROW(_Data!B2:B111)-1),18)),"")} | F26: {=IFERROR(INDEX(_Data!F2:F111,SMALL(IF(ISNUMBER(SEARCH(IF(G4="",CHAR(1),G4),_Data!B2:B111)),ROW(_Data!B2:B111)-1),18)),"")} | G26: {=IFERROR(INDEX(_Data!G2:G111,SMALL(IF(ISNUMBER(SEARCH(IF(G4="",CHAR(1),G4),_Data!B2:B111)),ROW(_Data!B2:B111)-1),18)),"")} | H26: {=IFERROR(INDEX(_Data!H2:H111,SMALL(IF(ISNUMBER(SEARCH(IF(G4="",CHAR(1),G4),_Data!B2:B111)),ROW(_Data!B2:B111)-1),18)),"")} | I26: {=IFERROR(INDEX(_Data!I2:I111,SMALL(IF(ISNUMBER(SEARCH(IF(G4="",CHAR(1),G4),_Data!B2:B111)),ROW(_Data!B2:B111)-1),18)),"")} | J26: {=IFERROR(INDEX(_Data!J2:J111,SMALL(IF(ISNUMBER(SEARCH(IF(G4="",CHAR(1),G4),_Data!B2:B111)),ROW(_Data!B2:B111)-1),18)),"")} | K26: {=IFERROR(INDEX(_Data!K2:K111,SMALL(IF(ISNUMBER(SEARCH(IF(G4="",CHAR(1),G4),_Data!B2:B111)),ROW(_Data!B2:B111)-1),18)),"")} | L26: {=IFERROR(INDEX(_Data!L2:L111,SMALL(IF(ISNUMBER(SEARCH(IF(G4="",CHAR(1),G4),_Data!B2:B111)),ROW(_Data!B2:B111)-1),18)),"")} | M26: {=IFERROR(INDEX(_Data!M2:M111,SMALL(IF(ISNUMBER(SEARCH(IF(G4="",CHAR(1),G4),_Data!B2:B111)),ROW(_Data!B2:B111)-1),18)),"")} | N26: {=IFERROR(INDEX(_Data!N2:N111,SMALL(IF(ISNUMBER(SEARCH(IF(G4="",CHAR(1),G4),_Data!B2:B111)),ROW(_Data!B2:B111)-1),18)),"")} | O26: {=IFERROR(INDEX(_Data!O2:O111,SMALL(IF(ISNUMBER(SEARCH(IF(G4="",CHAR(1),G4),_Data!B2:B111)),ROW(_Data!B2:B111)-1),18)),"")}
A27: {=IFERROR(INDEX(_Data!A2:A111,SMALL(IF(ISNUMBER(SEARCH(IF(G4="",CHAR(1),G4),_Data!B2:B111)),ROW(_Data!B2:B111)-1),19)),"")} | B27: {=IFERROR(INDEX(_Data!B2:B111,SMALL(IF(ISNUMBER(SEARCH(IF(G4="",CHAR(1),G4),_Data!B2:B111)),ROW(_Data!B2:B111)-1),19)),"")} | C27: {=IFERROR(INDEX(_Data!C2:C111,SMALL(IF(ISNUMBER(SEARCH(IF(G4="",CHAR(1),G4),_Data!B2:B111)),ROW(_Data!B2:B111)-1),19)),"")} | D27: {=IFERROR(INDEX(_Data!D2:D111,SMALL(IF(ISNUMBER(SEARCH(IF(G4="",CHAR(1),G4),_Data!B2:B111)),ROW(_Data!B2:B111)-1),19)),"")} | E27: {=IFERROR(INDEX(_Data!E2:E111,SMALL(IF(ISNUMBER(SEARCH(IF(G4="",CHAR(1),G4),_Data!B2:B111)),ROW(_Data!B2:B111)-1),19)),"")} | F27: {=IFERROR(INDEX(_Data!F2:F111,SMALL(IF(ISNUMBER(SEARCH(IF(G4="",CHAR(1),G4),_Data!B2:B111)),ROW(_Data!B2:B111)-1),19)),"")} | G27: {=IFERROR(INDEX(_Data!G2:G111,SMALL(IF(ISNUMBER(SEARCH(IF(G4="",CHAR(1),G4),_Data!B2:B111)),ROW(_Data!B2:B111)-1),19)),"")} | H27: {=IFERROR(INDEX(_Data!H2:H111,SMALL(IF(ISNUMBER(SEARCH(IF(G4="",CHAR(1),G4),_Data!B2:B111)),ROW(_Data!B2:B111)-1),19)),"")} | I27: {=IFERROR(INDEX(_Data!I2:I111,SMALL(IF(ISNUMBER(SEARCH(IF(G4="",CHAR(1),G4),_Data!B2:B111)),ROW(_Data!B2:B111)-1),19)),"")} | J27: {=IFERROR(INDEX(_Data!J2:J111,SMALL(IF(ISNUMBER(SEARCH(IF(G4="",CHAR(1),G4),_Data!B2:B111)),ROW(_Data!B2:B111)-1),19)),"")} | K27: {=IFERROR(INDEX(_Data!K2:K111,SMALL(IF(ISNUMBER(SEARCH(IF(G4="",CHAR(1),G4),_Data!B2:B111)),ROW(_Data!B2:B111)-1),19)),"")} | L27: {=IFERROR(INDEX(_Data!L2:L111,SMALL(IF(ISNUMBER(SEARCH(IF(G4="",CHAR(1),G4),_Data!B2:B111)),ROW(_Data!B2:B111)-1),19)),"")} | M27: {=IFERROR(INDEX(_Data!M2:M111,SMALL(IF(ISNUMBER(SEARCH(IF(G4="",CHAR(1),G4),_Data!B2:B111)),ROW(_Data!B2:B111)-1),19)),"")} | N27: {=IFERROR(INDEX(_Data!N2:N111,SMALL(IF(ISNUMBER(SEARCH(IF(G4="",CHAR(1),G4),_Data!B2:B111)),ROW(_Data!B2:B111)-1),19)),"")} | O27: {=IFERROR(INDEX(_Data!O2:O111,SMALL(IF(ISNUMBER(SEARCH(IF(G4="",CHAR(1),G4),_Data!B2:B111)),ROW(_Data!B2:B111)-1),19)),"")}
A28: {=IFERROR(INDEX(_Data!A2:A111,SMALL(IF(ISNUMBER(SEARCH(IF(G4="",CHAR(1),G4),_Data!B2:B111)),ROW(_Data!B2:B111)-1),20)),"")} | B28: {=IFERROR(INDEX(_Data!B2:B111,SMALL(IF(ISNUMBER(SEARCH(IF(G4="",CHAR(1),G4),_Data!B2:B111)),ROW(_Data!B2:B111)-1),20)),"")} | C28: {=IFERROR(INDEX(_Data!C2:C111,SMALL(IF(ISNUMBER(SEARCH(IF(G4="",CHAR(1),G4),_Data!B2:B111)),ROW(_Data!B2:B111)-1),20)),"")} | D28: {=IFERROR(INDEX(_Data!D2:D111,SMALL(IF(ISNUMBER(SEARCH(IF(G4="",CHAR(1),G4),_Data!B2:B111)),ROW(_Data!B2:B111)-1),20)),"")} | E28: {=IFERROR(INDEX(_Data!E2:E111,SMALL(IF(ISNUMBER(SEARCH(IF(G4="",CHAR(1),G4),_Data!B2:B111)),ROW(_Data!B2:B111)-1),20)),"")} | F28: {=IFERROR(INDEX(_Data!F2:F111,SMALL(IF(ISNUMBER(SEARCH(IF(G4="",CHAR(1),G4),_Data!B2:B111)),ROW(_Data!B2:B111)-1),20)),"")} | G28: {=IFERROR(INDEX(_Data!G2:G111,SMALL(IF(ISNUMBER(SEARCH(IF(G4="",CHAR(1),G4),_Data!B2:B111)),ROW(_Data!B2:B111)-1),20)),"")} | H28: {=IFERROR(INDEX(_Data!H2:H111,SMALL(IF(ISNUMBER(SEARCH(IF(G4="",CHAR(1),G4),_Data!B2:B111)),ROW(_Data!B2:B111)-1),20)),"")} | I28: {=IFERROR(INDEX(_Data!I2:I111,SMALL(IF(ISNUMBER(SEARCH(IF(G4="",CHAR(1),G4),_Data!B2:B111)),ROW(_Data!B2:B111)-1),20)),"")} | J28: {=IFERROR(INDEX(_Data!J2:J111,SMALL(IF(ISNUMBER(SEARCH(IF(G4="",CHAR(1),G4),_Data!B2:B111)),ROW(_Data!B2:B111)-1),20)),"")} | K28: {=IFERROR(INDEX(_Data!K2:K111,SMALL(IF(ISNUMBER(SEARCH(IF(G4="",CHAR(1),G4),_Data!B2:B111)),ROW(_Data!B2:B111)-1),20)),"")} | L28: {=IFERROR(INDEX(_Data!L2:L111,SMALL(IF(ISNUMBER(SEARCH(IF(G4="",CHAR(1),G4),_Data!B2:B111)),ROW(_Data!B2:B111)-1),20)),"")} | M28: {=IFERROR(INDEX(_Data!M2:M111,SMALL(IF(ISNUMBER(SEARCH(IF(G4="",CHAR(1),G4),_Data!B2:B111)),ROW(_Data!B2:B111)-1),20)),"")} | N28: {=IFERROR(INDEX(_Data!N2:N111,SMALL(IF(ISNUMBER(SEARCH(IF(G4="",CHAR(1),G4),_Data!B2:B111)),ROW(_Data!B2:B111)-1),20)),"")} | O28: {=IFERROR(INDEX(_Data!O2:O111,SMALL(IF(ISNUMBER(SEARCH(IF(G4="",CHAR(1),G4),_Data!B2:B111)),ROW(_Data!B2:B111)-1),20)),"")}
A30: 📱 Resultados — Telefonía
A31: Usuario | B31: N° Teléfono | C31: Compañía | D31: Equipo | E31: IMEI/ICCID | F31: Observacion | G31: Área
A32: {=IFERROR(INDEX(_Data!Q2:Q60,SMALL(IF(ISNUMBER(SEARCH(IF(G4="",CHAR(1),G4),_Data!Q2:Q60)),ROW(_Data!Q2:Q60)-1),1)),"")} -> Pia Escobar | B32: {=IFERROR(INDEX(_Data!R2:R60,SMALL(IF(ISNUMBER(SEARCH(IF(G4="",CHAR(1),G4),_Data!Q2:Q60)),ROW(_Data!Q2:Q60)-1),1)),"")} -> 56950406230 | C32: {=IFERROR(INDEX(_Data!S2:S60,SMALL(IF(ISNUMBER(SEARCH(IF(G4="",CHAR(1),G4),_Data!Q2:Q60)),ROW(_Data!Q2:Q60)-1),1)),"")} -> Claro | D32: {=IFERROR(INDEX(_Data!T2:T60,SMALL(IF(ISNUMBER(SEARCH(IF(G4="",CHAR(1),G4),_Data!Q2:Q60)),ROW(_Data!Q2:Q60)-1),1)),"")} -> Galaxy A22 | E32: {=IFERROR(INDEX(_Data!U2:U60,SMALL(IF(ISNUMBER(SEARCH(IF(G4="",CHAR(1),G4),_Data!Q2:Q60)),ROW(_Data!Q2:Q60)-1),1)),"")} -> 353325955465822 | F32: {=IFERROR(INDEX(_Data!V2:V60,SMALL(IF(ISNUMBER(SEARCH(IF(G4="",CHAR(1),G4),_Data!Q2:Q60)),ROW(_Data!Q2:Q60)-1),1)),"")} -> Marcelo | G32: {=IFERROR(INDEX(_Data!W2:W60,SMALL(IF(ISNUMBER(SEARCH(IF(G4="",CHAR(1),G4),_Data!Q2:Q60)),ROW(_Data!Q2:Q60)-1),1)),"")} -> Calidad
A33: {=IFERROR(INDEX(_Data!Q2:Q60,SMALL(IF(ISNUMBER(SEARCH(IF(G4="",CHAR(1),G4),_Data!Q2:Q60)),ROW(_Data!Q2:Q60)-1),2)),"")} | B33: {=IFERROR(INDEX(_Data!R2:R60,SMALL(IF(ISNUMBER(SEARCH(IF(G4="",CHAR(1),G4),_Data!Q2:Q60)),ROW(_Data!Q2:Q60)-1),2)),"")} | C33: {=IFERROR(INDEX(_Data!S2:S60,SMALL(IF(ISNUMBER(SEARCH(IF(G4="",CHAR(1),G4),_Data!Q2:Q60)),ROW(_Data!Q2:Q60)-1),2)),"")} | D33: {=IFERROR(INDEX(_Data!T2:T60,SMALL(IF(ISNUMBER(SEARCH(IF(G4="",CHAR(1),G4),_Data!Q2:Q60)),ROW(_Data!Q2:Q60)-1),2)),"")} | E33: {=IFERROR(INDEX(_Data!U2:U60,SMALL(IF(ISNUMBER(SEARCH(IF(G4="",CHAR(1),G4),_Data!Q2:Q60)),ROW(_Data!Q2:Q60)-1),2)),"")} | F33: {=IFERROR(INDEX(_Data!V2:V60,SMALL(IF(ISNUMBER(SEARCH(IF(G4="",CHAR(1),G4),_Data!Q2:Q60)),ROW(_Data!Q2:Q60)-1),2)),"")} | G33: {=IFERROR(INDEX(_Data!W2:W60,SMALL(IF(ISNUMBER(SEARCH(IF(G4="",CHAR(1),G4),_Data!Q2:Q60)),ROW(_Data!Q2:Q60)-1),2)),"")}
A34: {=IFERROR(INDEX(_Data!Q2:Q60,SMALL(IF(ISNUMBER(SEARCH(IF(G4="",CHAR(1),G4),_Data!Q2:Q60)),ROW(_Data!Q2:Q60)-1),3)),"")} | B34: {=IFERROR(INDEX(_Data!R2:R60,SMALL(IF(ISNUMBER(SEARCH(IF(G4="",CHAR(1),G4),_Data!Q2:Q60)),ROW(_Data!Q2:Q60)-1),3)),"")} | C34: {=IFERROR(INDEX(_Data!S2:S60,SMALL(IF(ISNUMBER(SEARCH(IF(G4="",CHAR(1),G4),_Data!Q2:Q60)),ROW(_Data!Q2:Q60)-1),3)),"")} | D34: {=IFERROR(INDEX(_Data!T2:T60,SMALL(IF(ISNUMBER(SEARCH(IF(G4="",CHAR(1),G4),_Data!Q2:Q60)),ROW(_Data!Q2:Q60)-1),3)),"")} | E34: {=IFERROR(INDEX(_Data!U2:U60,SMALL(IF(ISNUMBER(SEARCH(IF(G4="",CHAR(1),G4),_Data!Q2:Q60)),ROW(_Data!Q2:Q60)-1),3)),"")} | F34: {=IFERROR(INDEX(_Data!V2:V60,SMALL(IF(ISNUMBER(SEARCH(IF(G4="",CHAR(1),G4),_Data!Q2:Q60)),ROW(_Data!Q2:Q60)-1),3)),"")} | G34: {=IFERROR(INDEX(_Data!W2:W60,SMALL(IF(ISNUMBER(SEARCH(IF(G4="",CHAR(1),G4),_Data!Q2:Q60)),ROW(_Data!Q2:Q60)-1),3)),"")}
A35: {=IFERROR(INDEX(_Data!Q2:Q60,SMALL(IF(ISNUMBER(SEARCH(IF(G4="",CHAR(1),G4),_Data!Q2:Q60)),ROW(_Data!Q2:Q60)-1),4)),"")} | B35: {=IFERROR(INDEX(_Data!R2:R60,SMALL(IF(ISNUMBER(SEARCH(IF(G4="",CHAR(1),G4),_Data!Q2:Q60)),ROW(_Data!Q2:Q60)-1),4)),"")} | C35: {=IFERROR(INDEX(_Data!S2:S60,SMALL(IF(ISNUMBER(SEARCH(IF(G4="",CHAR(1),G4),_Data!Q2:Q60)),ROW(_Data!Q2:Q60)-1),4)),"")} | D35: {=IFERROR(INDEX(_Data!T2:T60,SMALL(IF(ISNUMBER(SEARCH(IF(G4="",CHAR(1),G4),_Data!Q2:Q60)),ROW(_Data!Q2:Q60)-1),4)),"")} | E35: {=IFERROR(INDEX(_Data!U2:U60,SMALL(IF(ISNUMBER(SEARCH(IF(G4="",CHAR(1),G4),_Data!Q2:Q60)),ROW(_Data!Q2:Q60)-1),4)),"")} | F35: {=IFERROR(INDEX(_Data!V2:V60,SMALL(IF(ISNUMBER(SEARCH(IF(G4="",CHAR(1),G4),_Data!Q2:Q60)),ROW(_Data!Q2:Q60)-1),4)),"")} | G35: {=IFERROR(INDEX(_Data!W2:W60,SMALL(IF(ISNUMBER(SEARCH(IF(G4="",CHAR(1),G4),_Data!Q2:Q60)),ROW(_Data!Q2:Q60)-1),4)),"")}
A36: {=IFERROR(INDEX(_Data!Q2:Q60,SMALL(IF(ISNUMBER(SEARCH(IF(G4="",CHAR(1),G4),_Data!Q2:Q60)),ROW(_Data!Q2:Q60)-1),5)),"")} | B36: {=IFERROR(INDEX(_Data!R2:R60,SMALL(IF(ISNUMBER(SEARCH(IF(G4="",CHAR(1),G4),_Data!Q2:Q60)),ROW(_Data!Q2:Q60)-1),5)),"")} | C36: {=IFERROR(INDEX(_Data!S2:S60,SMALL(IF(ISNUMBER(SEARCH(IF(G4="",CHAR(1),G4),_Data!Q2:Q60)),ROW(_Data!Q2:Q60)-1),5)),"")} | D36: {=IFERROR(INDEX(_Data!T2:T60,SMALL(IF(ISNUMBER(SEARCH(IF(G4="",CHAR(1),G4),_Data!Q2:Q60)),ROW(_Data!Q2:Q60)-1),5)),"")} | E36: {=IFERROR(INDEX(_Data!U2:U60,SMALL(IF(ISNUMBER(SEARCH(IF(G4="",CHAR(1),G4),_Data!Q2:Q60)),ROW(_Data!Q2:Q60)-1),5)),"")} | F36: {=IFERROR(INDEX(_Data!V2:V60,SMALL(IF(ISNUMBER(SEARCH(IF(G4="",CHAR(1),G4),_Data!Q2:Q60)),ROW(_Data!Q2:Q60)-1),5)),"")} | G36: {=IFERROR(INDEX(_Data!W2:W60,SMALL(IF(ISNUMBER(SEARCH(IF(G4="",CHAR(1),G4),_Data!Q2:Q60)),ROW(_Data!Q2:Q60)-1),5)),"")}
A37: {=IFERROR(INDEX(_Data!Q2:Q60,SMALL(IF(ISNUMBER(SEARCH(IF(G4="",CHAR(1),G4),_Data!Q2:Q60)),ROW(_Data!Q2:Q60)-1),6)),"")} | B37: {=IFERROR(INDEX(_Data!R2:R60,SMALL(IF(ISNUMBER(SEARCH(IF(G4="",CHAR(1),G4),_Data!Q2:Q60)),ROW(_Data!Q2:Q60)-1),6)),"")} | C37: {=IFERROR(INDEX(_Data!S2:S60,SMALL(IF(ISNUMBER(SEARCH(IF(G4="",CHAR(1),G4),_Data!Q2:Q60)),ROW(_Data!Q2:Q60)-1),6)),"")} | D37: {=IFERROR(INDEX(_Data!T2:T60,SMALL(IF(ISNUMBER(SEARCH(IF(G4="",CHAR(1),G4),_Data!Q2:Q60)),ROW(_Data!Q2:Q60)-1),6)),"")} | E37: {=IFERROR(INDEX(_Data!U2:U60,SMALL(IF(ISNUMBER(SEARCH(IF(G4="",CHAR(1),G4),_Data!Q2:Q60)),ROW(_Data!Q2:Q60)-1),6)),"")} | F37: {=IFERROR(INDEX(_Data!V2:V60,SMALL(IF(ISNUMBER(SEARCH(IF(G4="",CHAR(1),G4),_Data!Q2:Q60)),ROW(_Data!Q2:Q60)-1),6)),"")} | G37: {=IFERROR(INDEX(_Data!W2:W60,SMALL(IF(ISNUMBER(SEARCH(IF(G4="",CHAR(1),G4),_Data!Q2:Q60)),ROW(_Data!Q2:Q60)-1),6)),"")}
A38: {=IFERROR(INDEX(_Data!Q2:Q60,SMALL(IF(ISNUMBER(SEARCH(IF(G4="",CHAR(1),G4),_Data!Q2:Q60)),ROW(_Data!Q2:Q60)-1),7)),"")} | B38: {=IFERROR(INDEX(_Data!R2:R60,SMALL(IF(ISNUMBER(SEARCH(IF(G4="",CHAR(1),G4),_Data!Q2:Q60)),ROW(_Data!Q2:Q60)-1),7)),"")} | C38: {=IFERROR(INDEX(_Data!S2:S60,SMALL(IF(ISNUMBER(SEARCH(IF(G4="",CHAR(1),G4),_Data!Q2:Q60)),ROW(_Data!Q2:Q60)-1),7)),"")} | D38: {=IFERROR(INDEX(_Data!T2:T60,SMALL(IF(ISNUMBER(SEARCH(IF(G4="",CHAR(1),G4),_Data!Q2:Q60)),ROW(_Data!Q2:Q60)-1),7)),"")} | E38: {=IFERROR(INDEX(_Data!U2:U60,SMALL(IF(ISNUMBER(SEARCH(IF(G4="",CHAR(1),G4),_Data!Q2:Q60)),ROW(_Data!Q2:Q60)-1),7)),"")} | F38: {=IFERROR(INDEX(_Data!V2:V60,SMALL(IF(ISNUMBER(SEARCH(IF(G4="",CHAR(1),G4),_Data!Q2:Q60)),ROW(_Data!Q2:Q60)-1),7)),"")} | G38: {=IFERROR(INDEX(_Data!W2:W60,SMALL(IF(ISNUMBER(SEARCH(IF(G4="",CHAR(1),G4),_Data!Q2:Q60)),ROW(_Data!Q2:Q60)-1),7)),"")}
A39: {=IFERROR(INDEX(_Data!Q2:Q60,SMALL(IF(ISNUMBER(SEARCH(IF(G4="",CHAR(1),G4),_Data!Q2:Q60)),ROW(_Data!Q2:Q60)-1),8)),"")} | B39: {=IFERROR(INDEX(_Data!R2:R60,SMALL(IF(ISNUMBER(SEARCH(IF(G4="",CHAR(1),G4),_Data!Q2:Q60)),ROW(_Data!Q2:Q60)-1),8)),"")} | C39: {=IFERROR(INDEX(_Data!S2:S60,SMALL(IF(ISNUMBER(SEARCH(IF(G4="",CHAR(1),G4),_Data!Q2:Q60)),ROW(_Data!Q2:Q60)-1),8)),"")} | D39: {=IFERROR(INDEX(_Data!T2:T60,SMALL(IF(ISNUMBER(SEARCH(IF(G4="",CHAR(1),G4),_Data!Q2:Q60)),ROW(_Data!Q2:Q60)-1),8)),"")} | E39: {=IFERROR(INDEX(_Data!U2:U60,SMALL(IF(ISNUMBER(SEARCH(IF(G4="",CHAR(1),G4),_Data!Q2:Q60)),ROW(_Data!Q2:Q60)-1),8)),"")} | F39: {=IFERROR(INDEX(_Data!V2:V60,SMALL(IF(ISNUMBER(SEARCH(IF(G4="",CHAR(1),G4),_Data!Q2:Q60)),ROW(_Data!Q2:Q60)-1),8)),"")} | G39: {=IFERROR(INDEX(_Data!W2:W60,SMALL(IF(ISNUMBER(SEARCH(IF(G4="",CHAR(1),G4),_Data!Q2:Q60)),ROW(_Data!Q2:Q60)-1),8)),"")}
A40: {=IFERROR(INDEX(_Data!Q2:Q60,SMALL(IF(ISNUMBER(SEARCH(IF(G4="",CHAR(1),G4),_Data!Q2:Q60)),ROW(_Data!Q2:Q60)-1),9)),"")} | B40: {=IFERROR(INDEX(_Data!R2:R60,SMALL(IF(ISNUMBER(SEARCH(IF(G4="",CHAR(1),G4),_Data!Q2:Q60)),ROW(_Data!Q2:Q60)-1),9)),"")} | C40: {=IFERROR(INDEX(_Data!S2:S60,SMALL(IF(ISNUMBER(SEARCH(IF(G4="",CHAR(1),G4),_Data!Q2:Q60)),ROW(_Data!Q2:Q60)-1),9)),"")} | D40: {=IFERROR(INDEX(_Data!T2:T60,SMALL(IF(ISNUMBER(SEARCH(IF(G4="",CHAR(1),G4),_Data!Q2:Q60)),ROW(_Data!Q2:Q60)-1),9)),"")} | E40: {=IFERROR(INDEX(_Data!U2:U60,SMALL(IF(ISNUMBER(SEARCH(IF(G4="",CHAR(1),G4),_Data!Q2:Q60)),ROW(_Data!Q2:Q60)-1),9)),"")} | F40: {=IFERROR(INDEX(_Data!V2:V60,SMALL(IF(ISNUMBER(SEARCH(IF(G4="",CHAR(1),G4),_Data!Q2:Q60)),ROW(_Data!Q2:Q60)-1),9)),"")} | G40: {=IFERROR(INDEX(_Data!W2:W60,SMALL(IF(ISNUMBER(SEARCH(IF(G4="",CHAR(1),G4),_Data!Q2:Q60)),ROW(_Data!Q2:Q60)-1),9)),"")}
A41: {=IFERROR(INDEX(_Data!Q2:Q60,SMALL(IF(ISNUMBER(SEARCH(IF(G4="",CHAR(1),G4),_Data!Q2:Q60)),ROW(_Data!Q2:Q60)-1),10)),"")} | B41: {=IFERROR(INDEX(_Data!R2:R60,SMALL(IF(ISNUMBER(SEARCH(IF(G4="",CHAR(1),G4),_Data!Q2:Q60)),ROW(_Data!Q2:Q60)-1),10)),"")} | C41: {=IFERROR(INDEX(_Data!S2:S60,SMALL(IF(ISNUMBER(SEARCH(IF(G4="",CHAR(1),G4),_Data!Q2:Q60)),ROW(_Data!Q2:Q60)-1),10)),"")} | D41: {=IFERROR(INDEX(_Data!T2:T60,SMALL(IF(ISNUMBER(SEARCH(IF(G4="",CHAR(1),G4),_Data!Q2:Q60)),ROW(_Data!Q2:Q60)-1),10)),"")} | E41: {=IFERROR(INDEX(_Data!U2:U60,SMALL(IF(ISNUMBER(SEARCH(IF(G4="",CHAR(1),G4),_Data!Q2:Q60)),ROW(_Data!Q2:Q60)-1),10)),"")} | F41: {=IFERROR(INDEX(_Data!V2:V60,SMALL(IF(ISNUMBER(SEARCH(IF(G4="",CHAR(1),G4),_Data!Q2:Q60)),ROW(_Data!Q2:Q60)-1),10)),"")} | G41: {=IFERROR(INDEX(_Data!W2:W60,SMALL(IF(ISNUMBER(SEARCH(IF(G4="",CHAR(1),G4),_Data!Q2:Q60)),ROW(_Data!Q2:Q60)-1),10)),"")}
A42: {=IFERROR(INDEX(_Data!Q2:Q60,SMALL(IF(ISNUMBER(SEARCH(IF(G4="",CHAR(1),G4),_Data!Q2:Q60)),ROW(_Data!Q2:Q60)-1),11)),"")} | B42: {=IFERROR(INDEX(_Data!R2:R60,SMALL(IF(ISNUMBER(SEARCH(IF(G4="",CHAR(1),G4),_Data!Q2:Q60)),ROW(_Data!Q2:Q60)-1),11)),"")} | C42: {=IFERROR(INDEX(_Data!S2:S60,SMALL(IF(ISNUMBER(SEARCH(IF(G4="",CHAR(1),G4),_Data!Q2:Q60)),ROW(_Data!Q2:Q60)-1),11)),"")} | D42: {=IFERROR(INDEX(_Data!T2:T60,SMALL(IF(ISNUMBER(SEARCH(IF(G4="",CHAR(1),G4),_Data!Q2:Q60)),ROW(_Data!Q2:Q60)-1),11)),"")} | E42: {=IFERROR(INDEX(_Data!U2:U60,SMALL(IF(ISNUMBER(SEARCH(IF(G4="",CHAR(1),G4),_Data!Q2:Q60)),ROW(_Data!Q2:Q60)-1),11)),"")} | F42: {=IFERROR(INDEX(_Data!V2:V60,SMALL(IF(ISNUMBER(SEARCH(IF(G4="",CHAR(1),G4),_Data!Q2:Q60)),ROW(_Data!Q2:Q60)-1),11)),"")} | G42: {=IFERROR(INDEX(_Data!W2:W60,SMALL(IF(ISNUMBER(SEARCH(IF(G4="",CHAR(1),G4),_Data!Q2:Q60)),ROW(_Data!Q2:Q60)-1),11)),"")}
A43: {=IFERROR(INDEX(_Data!Q2:Q60,SMALL(IF(ISNUMBER(SEARCH(IF(G4="",CHAR(1),G4),_Data!Q2:Q60)),ROW(_Data!Q2:Q60)-1),12)),"")} | B43: {=IFERROR(INDEX(_Data!R2:R60,SMALL(IF(ISNUMBER(SEARCH(IF(G4="",CHAR(1),G4),_Data!Q2:Q60)),ROW(_Data!Q2:Q60)-1),12)),"")} | C43: {=IFERROR(INDEX(_Data!S2:S60,SMALL(IF(ISNUMBER(SEARCH(IF(G4="",CHAR(1),G4),_Data!Q2:Q60)),ROW(_Data!Q2:Q60)-1),12)),"")} | D43: {=IFERROR(INDEX(_Data!T2:T60,SMALL(IF(ISNUMBER(SEARCH(IF(G4="",CHAR(1),G4),_Data!Q2:Q60)),ROW(_Data!Q2:Q60)-1),12)),"")} | E43: {=IFERROR(INDEX(_Data!U2:U60,SMALL(IF(ISNUMBER(SEARCH(IF(G4="",CHAR(1),G4),_Data!Q2:Q60)),ROW(_Data!Q2:Q60)-1),12)),"")} | F43: {=IFERROR(INDEX(_Data!V2:V60,SMALL(IF(ISNUMBER(SEARCH(IF(G4="",CHAR(1),G4),_Data!Q2:Q60)),ROW(_Data!Q2:Q60)-1),12)),"")} | G43: {=IFERROR(INDEX(_Data!W2:W60,SMALL(IF(ISNUMBER(SEARCH(IF(G4="",CHAR(1),G4),_Data!Q2:Q60)),ROW(_Data!Q2:Q60)-1),12)),"")}
A44: {=IFERROR(INDEX(_Data!Q2:Q60,SMALL(IF(ISNUMBER(SEARCH(IF(G4="",CHAR(1),G4),_Data!Q2:Q60)),ROW(_Data!Q2:Q60)-1),13)),"")} | B44: {=IFERROR(INDEX(_Data!R2:R60,SMALL(IF(ISNUMBER(SEARCH(IF(G4="",CHAR(1),G4),_Data!Q2:Q60)),ROW(_Data!Q2:Q60)-1),13)),"")} | C44: {=IFERROR(INDEX(_Data!S2:S60,SMALL(IF(ISNUMBER(SEARCH(IF(G4="",CHAR(1),G4),_Data!Q2:Q60)),ROW(_Data!Q2:Q60)-1),13)),"")} | D44: {=IFERROR(INDEX(_Data!T2:T60,SMALL(IF(ISNUMBER(SEARCH(IF(G4="",CHAR(1),G4),_Data!Q2:Q60)),ROW(_Data!Q2:Q60)-1),13)),"")} | E44: {=IFERROR(INDEX(_Data!U2:U60,SMALL(IF(ISNUMBER(SEARCH(IF(G4="",CHAR(1),G4),_Data!Q2:Q60)),ROW(_Data!Q2:Q60)-1),13)),"")} | F44: {=IFERROR(INDEX(_Data!V2:V60,SMALL(IF(ISNUMBER(SEARCH(IF(G4="",CHAR(1),G4),_Data!Q2:Q60)),ROW(_Data!Q2:Q60)-1),13)),"")} | G44: {=IFERROR(INDEX(_Data!W2:W60,SMALL(IF(ISNUMBER(SEARCH(IF(G4="",CHAR(1),G4),_Data!Q2:Q60)),ROW(_Data!Q2:Q60)-1),13)),"")}
A45: {=IFERROR(INDEX(_Data!Q2:Q60,SMALL(IF(ISNUMBER(SEARCH(IF(G4="",CHAR(1),G4),_Data!Q2:Q60)),ROW(_Data!Q2:Q60)-1),14)),"")} | B45: {=IFERROR(INDEX(_Data!R2:R60,SMALL(IF(ISNUMBER(SEARCH(IF(G4="",CHAR(1),G4),_Data!Q2:Q60)),ROW(_Data!Q2:Q60)-1),14)),"")} | C45: {=IFERROR(INDEX(_Data!S2:S60,SMALL(IF(ISNUMBER(SEARCH(IF(G4="",CHAR(1),G4),_Data!Q2:Q60)),ROW(_Data!Q2:Q60)-1),14)),"")} | D45: {=IFERROR(INDEX(_Data!T2:T60,SMALL(IF(ISNUMBER(SEARCH(IF(G4="",CHAR(1),G4),_Data!Q2:Q60)),ROW(_Data!Q2:Q60)-1),14)),"")} | E45: {=IFERROR(INDEX(_Data!U2:U60,SMALL(IF(ISNUMBER(SEARCH(IF(G4="",CHAR(1),G4),_Data!Q2:Q60)),ROW(_Data!Q2:Q60)-1),14)),"")} | F45: {=IFERROR(INDEX(_Data!V2:V60,SMALL(IF(ISNUMBER(SEARCH(IF(G4="",CHAR(1),G4),_Data!Q2:Q60)),ROW(_Data!Q2:Q60)-1),14)),"")} | G45: {=IFERROR(INDEX(_Data!W2:W60,SMALL(IF(ISNUMBER(SEARCH(IF(G4="",CHAR(1),G4),_Data!Q2:Q60)),ROW(_Data!Q2:Q60)-1),14)),"")}
A46: {=IFERROR(INDEX(_Data!Q2:Q60,SMALL(IF(ISNUMBER(SEARCH(IF(G4="",CHAR(1),G4),_Data!Q2:Q60)),ROW(_Data!Q2:Q60)-1),15)),"")} | B46: {=IFERROR(INDEX(_Data!R2:R60,SMALL(IF(ISNUMBER(SEARCH(IF(G4="",CHAR(1),G4),_Data!Q2:Q60)),ROW(_Data!Q2:Q60)-1),15)),"")} | C46: {=IFERROR(INDEX(_Data!S2:S60,SMALL(IF(ISNUMBER(SEARCH(IF(G4="",CHAR(1),G4),_Data!Q2:Q60)),ROW(_Data!Q2:Q60)-1),15)),"")} | D46: {=IFERROR(INDEX(_Data!T2:T60,SMALL(IF(ISNUMBER(SEARCH(IF(G4="",CHAR(1),G4),_Data!Q2:Q60)),ROW(_Data!Q2:Q60)-1),15)),"")} | E46: {=IFERROR(INDEX(_Data!U2:U60,SMALL(IF(ISNUMBER(SEARCH(IF(G4="",CHAR(1),G4),_Data!Q2:Q60)),ROW(_Data!Q2:Q60)-1),15)),"")} | F46: {=IFERROR(INDEX(_Data!V2:V60,SMALL(IF(ISNUMBER(SEARCH(IF(G4="",CHAR(1),G4),_Data!Q2:Q60)),ROW(_Data!Q2:Q60)-1),15)),"")} | G46: {=IFERROR(INDEX(_Data!W2:W60,SMALL(IF(ISNUMBER(SEARCH(IF(G4="",CHAR(1),G4),_Data!Q2:Q60)),ROW(_Data!Q2:Q60)-1),15)),"")}
A47: {=IFERROR(INDEX(_Data!Q2:Q60,SMALL(IF(ISNUMBER(SEARCH(IF(G4="",CHAR(1),G4),_Data!Q2:Q60)),ROW(_Data!Q2:Q60)-1),16)),"")} | B47: {=IFERROR(INDEX(_Data!R2:R60,SMALL(IF(ISNUMBER(SEARCH(IF(G4="",CHAR(1),G4),_Data!Q2:Q60)),ROW(_Data!Q2:Q60)-1),16)),"")} | C47: {=IFERROR(INDEX(_Data!S2:S60,SMALL(IF(ISNUMBER(SEARCH(IF(G4="",CHAR(1),G4),_Data!Q2:Q60)),ROW(_Data!Q2:Q60)-1),16)),"")} | D47: {=IFERROR(INDEX(_Data!T2:T60,SMALL(IF(ISNUMBER(SEARCH(IF(G4="",CHAR(1),G4),_Data!Q2:Q60)),ROW(_Data!Q2:Q60)-1),16)),"")} | E47: {=IFERROR(INDEX(_Data!U2:U60,SMALL(IF(ISNUMBER(SEARCH(IF(G4="",CHAR(1),G4),_Data!Q2:Q60)),ROW(_Data!Q2:Q60)-1),16)),"")} | F47: {=IFERROR(INDEX(_Data!V2:V60,SMALL(IF(ISNUMBER(SEARCH(IF(G4="",CHAR(1),G4),_Data!Q2:Q60)),ROW(_Data!Q2:Q60)-1),16)),"")} | G47: {=IFERROR(INDEX(_Data!W2:W60,SMALL(IF(ISNUMBER(SEARCH(IF(G4="",CHAR(1),G4),_Data!Q2:Q60)),ROW(_Data!Q2:Q60)-1),16)),"")}
A48: {=IFERROR(INDEX(_Data!Q2:Q60,SMALL(IF(ISNUMBER(SEARCH(IF(G4="",CHAR(1),G4),_Data!Q2:Q60)),ROW(_Data!Q2:Q60)-1),17)),"")} | B48: {=IFERROR(INDEX(_Data!R2:R60,SMALL(IF(ISNUMBER(SEARCH(IF(G4="",CHAR(1),G4),_Data!Q2:Q60)),ROW(_Data!Q2:Q60)-1),17)),"")} | C48: {=IFERROR(INDEX(_Data!S2:S60,SMALL(IF(ISNUMBER(SEARCH(IF(G4="",CHAR(1),G4),_Data!Q2:Q60)),ROW(_Data!Q2:Q60)-1),17)),"")} | D48: {=IFERROR(INDEX(_Data!T2:T60,SMALL(IF(ISNUMBER(SEARCH(IF(G4="",CHAR(1),G4),_Data!Q2:Q60)),ROW(_Data!Q2:Q60)-1),17)),"")} | E48: {=IFERROR(INDEX(_Data!U2:U60,SMALL(IF(ISNUMBER(SEARCH(IF(G4="",CHAR(1),G4),_Data!Q2:Q60)),ROW(_Data!Q2:Q60)-1),17)),"")} | F48: {=IFERROR(INDEX(_Data!V2:V60,SMALL(IF(ISNUMBER(SEARCH(IF(G4="",CHAR(1),G4),_Data!Q2:Q60)),ROW(_Data!Q2:Q60)-1),17)),"")} | G48: {=IFERROR(INDEX(_Data!W2:W60,SMALL(IF(ISNUMBER(SEARCH(IF(G4="",CHAR(1),G4),_Data!Q2:Q60)),ROW(_Data!Q2:Q60)-1),17)),"")}
A49: {=IFERROR(INDEX(_Data!Q2:Q60,SMALL(IF(ISNUMBER(SEARCH(IF(G4="",CHAR(1),G4),_Data!Q2:Q60)),ROW(_Data!Q2:Q60)-1),18)),"")} | B49: {=IFERROR(INDEX(_Data!R2:R60,SMALL(IF(ISNUMBER(SEARCH(IF(G4="",CHAR(1),G4),_Data!Q2:Q60)),ROW(_Data!Q2:Q60)-1),18)),"")} | C49: {=IFERROR(INDEX(_Data!S2:S60,SMALL(IF(ISNUMBER(SEARCH(IF(G4="",CHAR(1),G4),_Data!Q2:Q60)),ROW(_Data!Q2:Q60)-1),18)),"")} | D49: {=IFERROR(INDEX(_Data!T2:T60,SMALL(IF(ISNUMBER(SEARCH(IF(G4="",CHAR(1),G4),_Data!Q2:Q60)),ROW(_Data!Q2:Q60)-1),18)),"")} | E49: {=IFERROR(INDEX(_Data!U2:U60,SMALL(IF(ISNUMBER(SEARCH(IF(G4="",CHAR(1),G4),_Data!Q2:Q60)),ROW(_Data!Q2:Q60)-1),18)),"")} | F49: {=IFERROR(INDEX(_Data!V2:V60,SMALL(IF(ISNUMBER(SEARCH(IF(G4="",CHAR(1),G4),_Data!Q2:Q60)),ROW(_Data!Q2:Q60)-1),18)),"")} | G49: {=IFERROR(INDEX(_Data!W2:W60,SMALL(IF(ISNUMBER(SEARCH(IF(G4="",CHAR(1),G4),_Data!Q2:Q60)),ROW(_Data!Q2:Q60)-1),18)),"")}
A50: {=IFERROR(INDEX(_Data!Q2:Q60,SMALL(IF(ISNUMBER(SEARCH(IF(G4="",CHAR(1),G4),_Data!Q2:Q60)),ROW(_Data!Q2:Q60)-1),19)),"")} | B50: {=IFERROR(INDEX(_Data!R2:R60,SMALL(IF(ISNUMBER(SEARCH(IF(G4="",CHAR(1),G4),_Data!Q2:Q60)),ROW(_Data!Q2:Q60)-1),19)),"")} | C50: {=IFERROR(INDEX(_Data!S2:S60,SMALL(IF(ISNUMBER(SEARCH(IF(G4="",CHAR(1),G4),_Data!Q2:Q60)),ROW(_Data!Q2:Q60)-1),19)),"")} | D50: {=IFERROR(INDEX(_Data!T2:T60,SMALL(IF(ISNUMBER(SEARCH(IF(G4="",CHAR(1),G4),_Data!Q2:Q60)),ROW(_Data!Q2:Q60)-1),19)),"")} | E50: {=IFERROR(INDEX(_Data!U2:U60,SMALL(IF(ISNUMBER(SEARCH(IF(G4="",CHAR(1),G4),_Data!Q2:Q60)),ROW(_Data!Q2:Q60)-1),19)),"")} | F50: {=IFERROR(INDEX(_Data!V2:V60,SMALL(IF(ISNUMBER(SEARCH(IF(G4="",CHAR(1),G4),_Data!Q2:Q60)),ROW(_Data!Q2:Q60)-1),19)),"")} | G50: {=IFERROR(INDEX(_Data!W2:W60,SMALL(IF(ISNUMBER(SEARCH(IF(G4="",CHAR(1),G4),_Data!Q2:Q60)),ROW(_Data!Q2:Q60)-1),19)),"")}
A51: {=IFERROR(INDEX(_Data!Q2:Q60,SMALL(IF(ISNUMBER(SEARCH(IF(G4="",CHAR(1),G4),_Data!Q2:Q60)),ROW(_Data!Q2:Q60)-1),20)),"")} | B51: {=IFERROR(INDEX(_Data!R2:R60,SMALL(IF(ISNUMBER(SEARCH(IF(G4="",CHAR(1),G4),_Data!Q2:Q60)),ROW(_Data!Q2:Q60)-1),20)),"")} | C51: {=IFERROR(INDEX(_Data!S2:S60,SMALL(IF(ISNUMBER(SEARCH(IF(G4="",CHAR(1),G4),_Data!Q2:Q60)),ROW(_Data!Q2:Q60)-1),20)),"")} | D51: {=IFERROR(INDEX(_Data!T2:T60,SMALL(IF(ISNUMBER(SEARCH(IF(G4="",CHAR(1),G4),_Data!Q2:Q60)),ROW(_Data!Q2:Q60)-1),20)),"")} | E51: {=IFERROR(INDEX(_Data!U2:U60,SMALL(IF(ISNUMBER(SEARCH(IF(G4="",CHAR(1),G4),_Data!Q2:Q60)),ROW(_Data!Q2:Q60)-1),20)),"")} | F51: {=IFERROR(INDEX(_Data!V2:V60,SMALL(IF(ISNUMBER(SEARCH(IF(G4="",CHAR(1),G4),_Data!Q2:Q60)),ROW(_Data!Q2:Q60)-1),20)),"")} | G51: {=IFERROR(INDEX(_Data!W2:W60,SMALL(IF(ISNUMBER(SEARCH(IF(G4="",CHAR(1),G4),_Data!Q2:Q60)),ROW(_Data!Q2:Q60)-1),20)),"")}

Sheet Telefonía
A1: 📱 INVENTARIO TELEFONÍA
A2: Usuario | B2: N° Teléfono | C2: Compañía | D2: Equipo | E2: IMEI/ICCID | F2: Observacion | G2: Área
A3: Giselle Rosales | B3: 56941127502 | C3: Claro | D3: Samsung Galaxy A22 | E3: 353325955457688 | G3: Finanzas
A4: Patricia Bustos | B4: 56996407624 | C4: Claro | D4: Motorola E13 | E4: 357521205244183 | G4: RRHH
A5: Nicole Torres | B5: 56950000761 | C5: Claro | D5: Iphone 11 | E5: 356811119825230 | G5: RRHH
A6: Jean Paul | B6: 56947081292 | C6: Claro | D6: Celular propio | E6: 356532963895810 | G6: MKT
A7: Leonel Rojas | B7: 56968490485 | C7: Claro | D7: Samsung Galaxy A22 | E7: 353325956071207 | G7: Zonal
A8: Chanel Salazar | B8: 56941130516 | C8: Claro | D8: Samsung Galaxy A22 | E8: 353325955453810 | G8: Gerente local
A9: Capacitacion | B9: 56964958620 | C9: Claro | F9: Ex Evelyn Barrera/ No tiene buzon de voz ni wsp
A10: Rodrigo Garcia | B10: 56963346017 | C10: Claro | F10: Ex Erick Giraldo/ se llamó y no contestó. No tiene wsp
A11: Andrea Parisca | B11: 56993430683 | C11: Claro | D11: Celular propio | F11: Celular no detecta ICCID de la sim | G11: Call center
A12: Cristian Parada | B12: 56991608483 | C12: Claro | D12: Samsung Galaxy A14 | E12: 35054264592800 | G12: Prevencion de riesgos
A13: Mariangela Aranguren | B13: 56963346093 | C13: Claro | D13: Motorola E13 | E13: 357521205245305 | G13: Compras
A14: Jefran Valecillos | B14: 56968422358 | C14: Claro | D14: Celular propio | G14: Gerente operaciones
A15: Marcela Lillo | B15: 56950000373 | C15: Claro | D15: Motorola G05 | E15: 359488352152643 | F15: Ex Nicole Echeverria | G15: MKT
A16: Nicolas Moya | B16: 56950000772 | C16: Claro | D16: Celular propio | E16: 8956030215875618816 | G16: Informatica
A17: Melissa Cunza | B17: 56990234718 | C17: Claro | D17: Iphone 11 | E17: 351174770524955 | G17: Gerenta RRHH
A18: Ricardo San Martin | B18: 56976560604 | C18: Claro | D18: Iphone XR | E18: DX3FJ828KXK1 | G18: Auditoria
A19: Patricio Castillo | B19: 56976560560 | C19: Claro | D19: Celular propio | E19: 359358947490669 | G19: Mantencion
A20: Juan Carlos Varea | B20: 56964958619 | C20: Claro | D20: Motorola G35 256G | E20: 356304136221963 | F20: Ex colaborador | G20: Mantencion
A21: Aracely Aviles | B21: 56981644643 | C21: Claro | D21: Iphone XR (roto), pero usa personal | E21: 8956034253031710720 | G21: Commissary
A22: Magdalena Soldati | B22: 56992298821 | C22: Claro | F22: Permiso administrativo | G22: MKT
A23: Matias Sandoval | B23: 56956420464 | C23: Claro | D23: Motorola G35 256GB | E23: 356304136333479 | G23: Informatica
A24: Camila Najle | B24: 56956395706 | C24: Claro | D24: Samsung Galaxy A14 | E24: 35054264569055 | G24: Calidad
A25: Darwin Flores | B25: 56968750172 | C25: Claro | D25: Galaxy A14 | E25: 352054264573511 | G25: MKT
A26: Emilio Droguett | B26: 56981645436 | C26: Claro | D26: Motorola G35 256GB | E26: 353200652142307 | G26: informatica
A27: Trinidad Garcia | B27: 56990234727 | C27: Claro | D27: Galaxy A22 | E27: 352225955462126 | G27: Gerenta Finanzas
A28: German Echesuri | B28: 56964322186 | C28: Claro | D28: Celular propio | E28: 353400795934830 | G28: Control de Gestion
A29: Yexy Oliva | B29: 56983325804 | C29: Claro | D29: Motorola G35 | E29: 356304137088379 | G29: Commissary
A30: Marlon Ferrada | B30: 56946470632 | C30: Claro | D30: Galaxy A14 | E30: 352054264570947 | G30: MKT
A31: Andrea Hidalgo | B31: 56946382799 | C31: Claro | D31: Galaxy A32 | E31: 350257391768688 | G31: Informatica
A32: Paulina Rozas | B32: 56950021464 | C32: Claro | D32: Celular propio | G32: Call center
A33: SAC | B33: 56978977656 | C33: Claro | F33: Paulina/empresa externa | G33: Call center
A34: Valparaiso | B34: 56954522837 | C34: Claro | D34: FEXT | E34: 356369480503027 | F34: Ex Katherine Atias
A35: Roberto Loyola | B35: 56934598991 | C35: Claro | D35: Celular Propio | E35: 8956030234956249088 | G35: Informatica
A36: Roberto Lagos | B36: 56986019701 | C36: Claro | D36: Samsung Galaxy A14 | E36: 352054264581787 | G36: Informatica
A37: Elizabeth Palacios | B37: 56986019865 | C37: Claro | D37: Galaxy A14 | E37: 355709312542456 | G37: Calidad ??
A38: Alejandro Rodriguez | B38: 56986019639 | C38: Claro | D38: Galaxy A14 | E38: 352054263130701 | F38: Ex Jefferson Dornelles | G38: Mantencion
A39: Leonardo Gonzalez | B39: 56946223422 | C39: Claro | F39: No tiene wsp
A40: Camilo Cotal | B40: 56950997436 | C40: Claro | D40: Galaxy A14 | E40: 355709314624153 | G40: Commissary
A41: Gabriel Colls | B41: 56964871670 | C41: Claro | D41: Iphone 11 | E41: 353922109169845 | G41: RRHH
A42: Elizabeth Nahuelpan | B42: 56942382706 | C42: Claro | D42: Galaxy A14 | E42: 352054264583486 | G42: RRHH
A43: Alexis Muñoz | B43: 56950406838 | C43: Claro | D43: Motorola G35 256G | E43: 356304136221963 | F43: Ex Juan Carlos Varea | G43: Mantencion
A44: Pia Escobar | B44: 56950406230 | C44: Claro | D44: Galaxy A22 | E44: 353325955465822 | F44: Marcelo | G44: Calidad
A45: Elizabeth Palacios | B45: 56950403753 | C45: Claro | D45: Galaxy A14 | E45: 355709312542456 | F45: Marcelo | G45: Calidad ??
A46: BAM 1 | B46: 56957386542 | C46: Claro | F46: Pedir Simcard
A47: BAM 3 | B47: 56986019927 | C47: Claro | F47: Pedir Simcard
A48: Karol Barrera | B48: 56999230881 | C48: Claro | D48: Samsung Galaxy A22 | E48: 353325955843218 | F48: sim card entregada | G48: RRHH
A49: BAM 5 | B49: 56999244313 | C49: Claro | F49: Pedir Simcard
A50: Disponible | B50: 56941067728 | C50: Claro | F50: Ex Pamela Carrasco
A51: Disponible | B51: 56990234721 | C51: Claro | F51: Ex Alejandra Perez
A52: Revisar | B52: 56946472197 | C52: Claro | F52: Ex Karen Doggenweiller/ Pedir linea
A53: Jasmin Maldonado | B53: 56990153750 | C53: Claro | F53: Revisar Ex colaboradora/ Se contacto por wsp, no respondío | G53: nicolas
A54: Estefania Monrroy | B54: 56950000352 | F54: Sim deshabilitado
A55: Leopoldo Farr | B55: 56993423169 | D55: Celular Propio y linea propia | G55: informatica
A56: Alejandro Useche | B56: 56973644701 | D56: Celular propio | E56: 8956026200056758272
A57: Andrés Zarzar | B57: 56974319155 | C57: Claro | D57: XIOAMI 15T | E57: 860647072737106 | G57: Gerente General
A58: Vicente Espinoza | B58: 56920496571 | C58: WOM | D58: Celular propio | E58: 89560900000751075328 | G58: Informatica
A59: Graciela Dayanna Romero | C59: WOM | D59: ZTE Blade A76 | E59: 864995070141789 | F59: Sim valentina araya | G59: RRHH
A60: Tienda Valparaiso | B60: 56936508796 | C60: WOM
A61: Equipo disponible(camara mala) | D61: ZTE Blade A35 | E61: 868985073220835

Sheet PC
A1: 💻 INVENTARIO PC
A2: Rut | B2: Persona | C2: Fecha Entrega | D2: Estado | E2: Área | F2: Ubicación | G2: Marca | H2: Modelo | I2: Nº de Serie | J2: Documento Firmado | K2: Mochila | L2: Cargador | M2: Entrega Informática | N2: Entrega al usuario | O2: Observaciones
A3: 20303787-2 | B3: Tiare Sandoval | C3: 12-09-2025 | D3: Asignado | E3: Operaciones | F3: Mall Concepción | G3: Lenovo | H3: IdeaPad Slim3 | I3: PF4CC5M7 | J3: SI | K3: SI | L3: SI | M3: Matias Sandoval | N3: Jefran Valecillos
A4: 14106954-3 | B4: Ana María Galleguillos | C4: 01-09-2025 | D4: Asignado | E4: Operaciones | F4: Manuel Montt | G4: ASUS | H4: Vivobook X515JAB | I4: s1N0CV02141028 | J4: SI | K4: SI | L4: SI | M4: Leopoldo Farr | N4: Jefran Valecillos | O4: Precio 13UF
A5: 18023209-5 | B5: Matías Acuña | C5: 01-07-2025 | D5: Asignado | E5: Marketing | F5: Casa Matriz | G5: ASUS | H5: Vivobook X515JAB | I5: N2N0CX05R26906F | J5: SI | K5: NO | L5: SI | M5: Leopoldo Farr | N5: Magdalena Soldati
A6: 33689249-k | B6: José Daniel Suárez | C6: 15-05-2025 | D6: Asignado | E6: Operaciones | F6: Santa Ana | G6: ASUS | H6: Vivobook Go 14 | I6: S1N0CV02X10802A | J6: SI | K6: SI | L6: SI | M6: Leopoldo Farr | N6: Jefran Valecillos
A7: 22184692-3 | B7: Belén Bernales | C7: 06-01-2025 | D7: Asignado | E7: Administración y Finanzas | F7: Casa Matriz | G7: ASUS | H7: Vivobook Go 14 | I7: S1N0CV02X155026 | J7: SI | K7: NO | L7: SI | M7: Leopoldo Farr | N7: Blanca Marambio
A8: 17923095-k | B8: Patricio Ramos | C8: 28-05-2024 | D8: Asignado | E8: Operaciones | F8: Punta ARenas | G8: ASUS | H8: Vivobook E1404G | I8: S1N0CV02X18302C | J8: SI | K8: NO | L8: SI | M8: Leopoldo Farr | N8: Jefran Valecillos
A9: 18250292-8 | B9: Roberto Lagos | C9: 02-04-2025 | D9: Asignado | E9: Informatica | F9: Casa Matriz | G9: ASUS | H9: Vivobook | I9: R7N0CV03379527C | J9: SI | K9: NO | L9: SI | M9: Leopoldo Farr | N9: Leopoldo Farr
A10: 25433283-6 | B10: Mariuxi Mosquera | C10: 19-07-2024 | D10: Asignado | E10: Operaciones | F10: San Francisco | G10: ASUS | H10: Vivobook | I10: S1N0CV02213020 | J10: SI | K10: NO | L10: SI | M10: Leopoldo Farr | N10: Nehormalin Vargas
A11: 25403967-5 | B11: Nehormarlín Vargas | C11: 01-12-2023 | D11: Asignado | E11: Marketing | F11: Casa Matriz | G11: Dell | H11: Vostro 14 3000 | I11: 5Z278F3 | J11: SI | K11: NO | L11: SI | M11: Leopoldo Farr | N11: Magdalena Soldati
A12: 25978475-1 | B12: Gabriel Casanova | C12: 07-01-2025 | D12: Asignado | E12: Operaciones | F12: Casa Matriz | G12: ASUS | H12: Vivobook Go | I12: X1N0V02X225029 | J12: SI | K12: NO | L12: SI | M12: Leopoldo Farr | N12: Jefran Valecillos
A13: 19211814-k | B13: Giselle Rosales | C13: 19-01-2024 | D13: Asignado | E13: Administración y Finanzas | F13: Casa Matriz | G13: HP | H13: Probook RTL8852AE | I13: 4S055LT#ABM | J13: SI | K13: NO | L13: SI | M13: Leopoldo Farr | N13: Trinidad Garcia | O13: Con adaptador de red
A14: 26738496-7 | B14: Escarlin López | C14: 08-05-2024 | D14: Asignado | E14: Operaciones | F14: Arica | G14: Lenovo | H14: Thinkpad L14 | I14: JVHFC1 | J14: SI | K14: SI | L14: SI | M14: Leopoldo Farr | N14: Jefran Valecillos
A15: 13706170-8 | B15: Aracely Avilés | C15: 29-05-2023 | D15: Asignado | E15: Compras | F15: Casa Matriz | G15: HP | H15: 240 G8 | I15: 8-NTHP5116 | J15: SI | K15: NO | L15: SI | M15: Leopoldo Farr | N15: Leopoldo Farr | O15: confirmar n serie
A16: 10092205-3 | B16: Patricia Bustos | C16: 29-05-2023 | D16: Asignado | E16: RRHH | F16: Casa Matriz | G16: HP | H16: 240 G8 | I16: 8-NTHP5116 | J16: SI | K16: NO | L16: SI | M16: Leopoldo Farr | N16: Leopoldo Farr | O16: Confirmar N serie
A17: 26401374-7 | B17: Gabriel Colls | C17: 16-05-2023 | D17: Asignado | E17: RRHH | F17: Casa Matriz | G17: Lenovo | H17: Thinkpad L14 | I17: R17ET34W | J17: SI | K17: NO | L17: SI | M17: Leopoldo Farr | N17: Leopoldo Farr
A18: 15635683-2 | B18: Pamela Carrasco | C18: 03-10-2022 | D18: No Asignado | E18: RRHH | F18: Casa Matriz | G18: HP | H18: Probook | I18: 5CD2087W6R | J18: SI | K18: SI | L18: SI | M18: Leopoldo Farr | N18: Leopoldo Farr
A19: 16847662-0 | B19: Henry Cariman | C19: 27-01-2021 | D19: Asignado | E19: RRHH | F19: Casa Matriz | G19: Lenovo | H19: Thinkpad T14 | I19: PF3658ZS | J19: SI | K19: NO | L19: SI | M19: Leopoldo Farr | N19: Leopoldo Farr
A20: 15138960-0 | B20: Yexy Oliva | C20: 01-08-2022 | D20: Asignado | E20: Producción | F20: Casa Matriz | G20: Lenovo | H20: Thinkpad T14 | I20: L14PF2Q69Q | J20: SI | K20: NO | L20: SI | M20: Leopoldo Farr | N20: Leopoldo Farr
A21: 17073151-4 | B21: Cristian Parada | C21: 02-12-2021 | D21: Asignado | E21: RRHH | F21: Casa Matriz | G21: Lenovo | H21: Thinkpad L14 | I21: PF30E8CP | J21: SI | K21: NO | L21: SI | M21: Leopoldo Farr | N21: Leopoldo Farr
A22: 18991948-4 | B22: Chanel Salazar | C22: 30-09-2021 | D22: Asignado | E22: Operaciones | F22: Antofagasta 2 | G22: HP | H22: 240 G | I22: 5CG0423ZFL | J22: SI | K22: SI | L22: SI | M22: Leopoldo Farr | N22: Jefran Valecillos
A23: 17073151-4 | B23: Cristian Parada | C23: 02-12-2021 | D23: Asignado | E23: RRHH | F23: Casa Matriz | G23: HP | H23: Probook 430 G4 | I23: 5CD7341P9N | J23: SI | K23: NO | L23: SI | M23: Leopoldo Farr | N23: Leopoldo Farr
A24: 18604434-7 | B24: Jasmín Maldonado | C24: 03-10-2023 | D24: Asignado | E24: Administración y Finanzas | F24: Casa Matriz | G24: HP | H24: Probook 440 G8 | I24: 5CD2087VZ9 | J24: SI | K24: NO | L24: SI | M24: Leopoldo Farr | N24: Leopoldo Farr
A25: 25861830-0 | B25: Mariangela Aranguren | C25: 14-06-2023 | D25: Asignado | E25: Operaciones | F25: Casa Matriz | G25: Lenovo | H25: MT Idea B14 82C4 | I25: DKCN54WW | J25: SI | K25: NO | L25: SI | M25: Leopoldo Farr | N25: Leopoldo Farr
A26: 15544965-9 | B26: Carolina Pasmiño | C26: 21-12-2023 | D26: Asignado | E26: Operaciones | F26: Casa Matriz | G26: Lenovo | H26: Ideapad 3 Gen 8 15.6'' | I26: PF4C9TN3 | J26: SI | K26: SI | L26: SI | M26: Leopoldo Farr | N26: Jefran Valecillos
A27: 21209090-5 | B27: Camila Hernández | C27: 21-12-2023 | D27: Asignado | E27: Operaciones | F27: Quilpué | G27: ASUS | H27: Vivobook Go 14 E1404 | I27: R7N0CV03375227B | J27: SI | K27: SI | L27: SI | M27: Leopoldo Farr | N27: Jefran Valecillos | O27: Se agregar adaptador RJ45
A28: 20260525-7 | B28: Natalia Marchant | C28: 21-12-2023 | D28: Asignado | E28: Operaciones | F28: Parque Angamos | G28: ASUS | H28: Vivobook Go 14 E1404 | I28: R7N0CV03379227B | J28: SI | K28: SI | L28: SI | M28: Leopoldo Farr | N28: Jefran Valecillos | O28: Adaptador RJ45
A29: 26250116-7 | B29: Kelvis Orellana | C29: 21-12-2023 | D29: Asignado | E29: Operaciones | F29: Calama | G29: ASUS | H29: Vivobook Go 14 E1404 | I29: R7N0CV033849271 | J29: SI | K29: SI | L29: SI | M29: Leopoldo Farr | N29: Jefran Valecillos | O29: Adaptador RJ45
A30: 26008440-2 | B30: Alvaro García | C30: 21-12-2023 | D30: Asignado | E30: Operaciones | F30: Casa Matriz | G30: ASUS | H30: Vivobook Go 14 E1404 | I30: R7N0CV033711273 | J30: SI | K30: SI | L30: SI | M30: Leopoldo Farr | N30: Jefran Valecillos | O30: Adaptador RJ45
A31: 26917761-6 | B31: Efren Gallego | C31: 21-12-2023 | D31: Asignado | E31: Operaciones | F31: Concepición Los Carrera | G31: Lenovo | H31: Ideapad 3 Gen 8 15.6'' | I31: PF4CC446 | J31: SI | K31: SI | L31: SI | M31: Leopoldo Farr | N31: Jefran Valecillos
A32: 20194375-2 | B32: Danitza Reyes | C32: 21-12-2023 | D32: Asignado | E32: Operaciones | F32: Chiguayante | G32: ASUS | H32: Vivobook Go 14 E1404 | I32: R7N0CV033844273 | J32: SI | K32: SI | L32: SI | M32: Leopoldo Farr | N32: Jefran Valecillos | O32: Adaptador RJ45
A33: 13823607-2 | B33: Mario Hechenleitner | C33: 21-12-2023 | D33: Asignado | E33: Operaciones | F33: Osorno 2 | G33: ASUS | H33: Vivobook Go 14 E1404 | I33: R7N0CV033817273 | J33: SI | K33: SI | L33: SI | M33: Leopoldo Farr | N33: Jefran Valecillos | O33: Adaptador RJ45
A34: 20064587-1 | B34: Camila Álvarez | C34: 21-12-2023 | D34: Asignado | E34: Operaciones | F34: Puerto Montt 2 | G34: Lenovo | H34: Ideapad 3 Gen 8 15.6'' | I34: PF4CC3Y4 | J34: SI | K34: SI | L34: SI | M34: Leopoldo Farr | N34: Jefran Valecillos
A35: 15907734-9 | B35: Carolina Núñez | C35: 21-12-2023 | D35: Asignado | E35: Operaciones | F35: Talca | G35: Lenovo | H35: Ideapad 3 Gen 8 15.6'' | I35: PF4ANXQE | J35: SI | K35: SI | L35: SI | M35: Leopoldo Farr | N35: Jefran Valecillos
A36: 18995949-4 | B36: Camila Villalobos | C36: 11-01-2023 | D36: Asignado | E36: Calidad | F36: Casa Matriz | G36: ASUS | H36: VivoBook X515JAB | I36: R7N0CV033379527C | J36: SI | K36: SI | L36: SI | M36: Leopoldo Farr | N36: Camila Najle
A37: 25861830-0 | B37: Mariangela Aranguren | C37: 05-08-2021 | D37: Asignado | E37: Compras | F37: Casa Matriz | G37: Lenovo | H37: Thinkpad L14 | I37: PF2Q40WX | J37: SI | K37: SI | L37: SI | M37: Leopoldo Farr | N37: Leopoldo Farr
A38: 13083079-1 | B38: Leonel Rojas | C38: 27-02-2023 | D38: Asignado | E38: Operaciones | F38: Casa Matriz | G38: Lenovo | H38: Thinkpad L14 | I38: PF2Q6R4A | J38: SI | K38: NO | L38: SI | M38: Leopoldo Farr | N38: Jefran Valecillos
A39: 22146873-2 | B39: Gisselle Venegas | C39: 06-01-2025 | D39: Asignado | E39: Finanzas | F39: Casa Matriz | G39: Lenovo | H39: Thinkpad L14 | I39: 20U2S00A00 | J39: SI | K39: NO | L39: SI | M39: Leopoldo Farr | N39: Leopoldo Farr
A40: 27238248-4 | B40: Allan Sinisterra | C40: 11-01-2023 | D40: Asignado | E40: Commissary | F40: Casa Matriz | G40: Lenovo | H40: Ideapad 3 | I40: PF4CAZM | J40: SI | K40: NO | L40: SI | M40: Leopoldo Farr | N40: Leopoldo Farr
A41: 19310439-8 | B41: Francisco Gutiérrez | C41: 28-06-2024 | D41: Asignado | E41: Operaciones | F41: Quilicura | G41: Lenovo | H41: Ideapad 3 Gen 8 15.6'' | I41: SPF4CA5DM | J41: SI | K41: SI | L41: SI | M41: Leopoldo Farr | N41: Leopoldo Farr
A42: 26611799-K | B42: Gabriela Castro | C42: 15-05-2024 | D42: Asignado | E42: Operaciones | F42: Copiapó | G42: ASUS | H42: Vivobook Go 14 E1404 | I42: S1N0CV02X14302A | J42: SI | K42: NO | L42: SI | M42: Leopoldo Farr | N42: Jefran Valecillos
A43: 26401147-7 | B43: Alejandro Rodríguez | C43: 11-01-2023 | D43: Asignado | E43: Operaciones | F43: Casa Matriz | G43: ASUS | H43: Vivobook 3 | I43: R7N0CV033791276 | J43: SI | K43: NO | L43: SI | M43: Leopoldo Farr | N43: Jefran Valecillos
A44: 25564977-9 | B44: Pedro Marchán | C44: 28-06-2024 | D44: Asignado | E44: Operaciones | F44: Rotonda Atenas | G44: ASUS | H44: Vivobook 3 | I44: S1N0CV02X223023 | J44: SI | K44: SI | L44: SI | M44: Leopoldo Farr | N44: Jefran Valecillos
A45: 16392527-3 | B45: Elizabet Palacios | C45: 07-10-2024 | D45: Asignado | E45: Calidad | F45: Casa Matriz | G45: Pendiente | H45: Pendiente | I45: Pendiente | J45: SI | K45: SI | L45: SI
A46: 18472721-8 | B46: Giselle Ojeda | C46: 20-05-2024 | D46: Asignado | E46: Operaciones | F46: Puerto Montt | G46: ASUS | H46: Vivobook Go 14 E1404 | I46: S1N0CV02X14202C | J46: SI | K46: NO | L46: SI | M46: Leopoldo Farr | N46: Jefran Valecillos
A47: 17348348-1 | B47: Melissa Saavedra | C47: 21-12-2023 | D47: Asignado | E47: Operaciones | F47: Chillán | G47: Lenovo | H47: Pendiente | I47: Pendiente | J47: SI | K47: NO | L47: SI | M47: Leopoldo Farr | N47: Jefran Valecillos | O47: Adaptador RJ45
A48: 17679797-5 | B48: Álvaro Arend | C48: 15-04-2025 | D48: Asignado | E48: Operaciones | F48: Casa Matriz | G48: Lenovo | H48: Thinkpad L14 | I48: PF360JLP | J48: SI | K48: NO | L48: SI | M48: Leopoldo Farr | N48: Jefran Valecillos
A49: 19660285-2 | B49: Brayan Valdebenito | C49: 09-07-2025 | D49: Asignado | E49: Informatica | F49: Casa Matriz | G49: HP | H49: HP ZBOOK POWER G8 | I49: 5CD1518L71 | J49: SI | K49: SI | L49: SI | M49: Matias Sandoval | N49: Brayan Valdebenito
A50: 17122932-4 | B50: Paulina Rozas | C50: 01-05-2022 | D50: Asignado | E50: Marketing | F50: Casa Matriz | G50: DELL | H50: inspiron 15 | I50: 1d83HG3 | J50: NO | K50: SI | L50: SI | M50: Matias Sandoval | N50: Paulina Rozas
A51: 19241615-9 | B51: Marlon Ferrada | C51: 07-05-2025 | D51: Asignado | E51: Marketing | F51: Casa Matriz | G51: hp | H51: Probook 440 | I51: RTL8852AE | J51: NO | K51: SI | L51: SI | M51: Matias Sandoval | N51: Marlon Ferrada
A52: 23955543-8 | B52: Katherine Arias | C52: 12-06-2024 | D52: Asignado | E52: Calle Center | F52: Casa Matriz | G52: Lenovo | H52: Thinkpad t14 gen1 | I52: Pf-34ezwh | J52: NO | K52: SI | L52: SI | M52: Matias Sandoval | N52: Katherine Arias
A53: 20900351-1 | B53: Nicolas Moya | C53: 24-09-2025 | D53: Asignado | E53: Informatica | F53: Casa Matriz | G53: ASUS | H53: Vivobook X1404ZA_X1404ZA | I53: S2N0CX04D495084 | J53: SI | K53: NO | L53: SI | M53: Leopoldo Farr | N53: Nicolas Moya | O53: No hay documento de recepcion
A54: 18023209-5 | B54: Matías acuña | C54: 22-04-2025 | D54: Asignado | E54: Marketing | F54: Casa Matriz | G54: Asus | H54: M515j | I54: N2n0cx05r26906f | J54: NO | K54: SI | L54: SI | M54: Matias Sandoval | N54: Matias Acuña
A55: 15430712-5 | B55: Juan Cofré | C55: 12-03-2024 | D55: Asignado | E55: Finanzas | F55: Casa Matriz | G55: Lenovo | H55: Thinkpad gen6 | I55: Pf-2kh8az | J55: NO | K55: SI | L55: SI | M55: Matias Sandoval | N55: Juan Cofre
A56: 13197851-0 | B56: Roberto Loyola | C56: 09-01-2023 | D56: Asignado | E56: Informática | F56: Casa Matriz | G56: Lenovo | H56: Thinkpad t14 gen2 | I56: PF 2KJ2FL | J56: NO | K56: SI | L56: SI | M56: Matias Sandoval | N56: Roberto Loyola
A57: 10783880-5 | B57: Leopoldo Farr | C57: 26-04-2024 | D57: Asignado | E57: Informática | F57: Casa Matriz | G57: Samsung | H57: 750xfg | I57: KW1P99YWB000AZY | J57: NO | K57: SI | L57: SI | M57: Roberto Loyola | N57: Leopoldo Farr
A58: 26024258-k | B58: Andrei arria | C58: 19-05-2025 | D58: Asignado | E58: Marketing | F58: Casa Matriz | G58: Macbook | H58: Macbook pro | I58: C02fg8jfq05d | J58: NO | K58: SI | L58: SI | M58: Matias Sandoval | N58: Andrei Arria
A59: 21679826-0 | B59: Germán Echesuri | C59: 01-01-2023 | D59: Devuelto | E59: Control de Gestión | F59: Casa Matriz | G59: HP | H59: ZBOOK Power G8 | I59: 5CD2210ZQX | J59: NO | K59: NO | L59: SI | M59: Leopoldo Farr | N59: Germán Echesuri
A60: 26831508K | B60: Santiago Pineda | C60: 01-04-2021 | D60: Asignado | E60: Finanzas | F60: Casa Matriz | G60: Dell | H60: Inspiraron 14 3000 | I60: JJNT293 | J60: NO | K60: SI | L60: SI | M60: Matias Sandoval | N60: Santiago Pineda
A61: 177593990 | B61: Camila Najle | C61: 19-04-2021 | D61: Asignado | E61: Calidad | F61: Casa Matriz | G61: HP | H61: HP 240 G8 | I61: 5CG1130T6H | J61: NO | K61: NO | L61: SI | M61: Matias Sandoval | N61: Camila Najle
A62: 19962361-3 | B62: Matías Sandoval | C62: 05-08-2025 | D62: Asignado | E62: Informatica | F62: Casa Matriz | G62: Dell | H62: Inspiron 15 5510 | I62: CL83HG3 | J62: NO | K62: NO | L62: SI | M62: Leopoldo Farr | N62: Matias Sandoval
A63: 15363591-9 | B63: Magdalena Soldati | C63: 25-09-2025 | D63: Devuelto | E63: Marketing | F63: Casa Matriz | G63: ASUS | H63: Vivobook X1605Z | I63: S1N0CV02W987028 | J63: NO | K63: NO | L63: SI | M63: Alejandra Perez | N63: Alejandra Perez
A64: 13935648-9 | B64: Elizabeth Nahuelpán | C64: 02-09-2025 | D64: Asignado | E64: RRHH | F64: Casa Matriz | G64: Asus | H64: Vivobook e1404ga | I64: R7N0CV338232TE | J64: NO | K64: NO | L64: SI | M64: Matias Sandoval | N64: Elizabeth Nahuelpan
A65: 16628331-0 | B65: Cynthia Martinez | C65: 03-07-2025 | D65: Asignado | E65: RRHH | F65: Casa Matriz | G65: Dell | H65: Thinkpad t14 gen1 | I65: PF35GTK1 | J65: NO | K65: NO | L65: SI | M65: Matias Sandoval | N65: Cynthia Martinez
... A73: 19718116-8 | B73: Nicole Torres | C73: 03-08-2022 | D73: Asignado | E73: RRHH | F73: Casa Matriz | G73: Hp | H73: HP 15-DY2064la | I73: 5CD20TFWBM | J73: NO | K73: NO | L73: SI | M73: Emilio Droguett | N73: Nicole Torres
B74: Tiare Barrios | C74: 26-09-2025 | D74: No Asignado | E74: Operaciones | F74: Irarrázaval | J74: NO | K74: NO | L74: SI | M74: Leopoldo Farr | N74: Jefran Valecillos | O74: Sin equipo asignado
A75: 18247345-6 | B75: María José Riquelme | C75: 26-09-2025 | D75: Asignado | E75: Operaciones | F75: Los Domínicos | G75: Asus | H75: Vivobook 14 | I75: S1N0CV02X134026 | J75: NO | K75: NO | L75: SI | M75: Leopoldo Farr | N75: Jefran Valecillos
B76: Nathalie Morales | C76: 26-09-2025 | D76: Asignado | E76: Operaciones | F76: Peñalolén | I76: Pendiente | J76: NO | K76: SI | L76: SI | M76: Leopoldo Farr | N76: Jefran Valecillos
A77: 12054220-6 | B77: Rafael López | C77: 26-09-2025 | D77: Asignado | E77: Operaciones | F77: Santa Amalia | G77: Asus | H77: Vivobook 14 | I77: S1N0CV02X19802B | J77: NO | K77: NO | L77: NO | M77: Leopoldo Farr | N77: Jefran Valecillos
B78: José Romero | C78: 26-09-2025 | D78: Asignado | E78: Operaciones | F78: Antofagasta | I78: Pendiente | J78: NO | K78: SI | L78: SI | M78: Leopoldo Farr | N78: Jefran Valecillos
A79: 33546500-8 | B79: Nivanesky Natera | C79: 26-09-2025 | D79: Asignado | E79: Operaciones | F79: Bustamante | G79: Asus | H79: Vivobook 14 | I79: S1N0CV02X170029 | J79: NO | K79: SI | L79: SI | M79: Leopoldo Farr | N79: Jefran Valecillos
B80: Victor Mejías | C80: 26-09-2025 | D80: No Asignado | E80: Operaciones | F80: La Serena 2 | J80: NO | K80: SI | L80: SI | M80: Leopoldo Farr | N80: Jefran Valecillos | O80: Sin equipo asignado
B81: Dévora Blanco | C81: 26-09-2025 | D81: Asignado | E81: Operaciones | F81: Froilán Roa | I81: Pendiente | J81: NO | K81: SI | L81: SI | M81: Leopoldo Farr | N81: Jefran Valecillos
B82: Nadia Escobar | C82: 26-09-2025 | D82: Asignado | E82: Operaciones | F82: Viña del Mar | I82: Pendiente | J82: NO | K82: SI | L82: SI | M82: Leopoldo Farr | N82: Jefran Valecillos
A83: 18107965-7 | B83: Estefanía Monroy | C83: 26-09-2025 | D83: Asignado | E83: Operaciones | F83: Hualpén | G83: Lenovo | H83: L14 | I83: PF30EZX1 | J83: NO | K83: SI | L83: SI | M83: Leopoldo Farr | N83: Jefran Valecillos
B84: Braulio Cáceres | C84: 25-09-2025 | D84: No Asignado | E84: Operaciones | F84: Concón | J84: NO | K84: SI | L84: SI | M84: Leopoldo Farr | N84: Jefran Valecillos | O84: Sin equipo asignado
B85: Juan Campos | C85: 26-09-2025 | D85: No Asignado | E85: Operaciones | F85: Puente Alto | J85: NO | K85: SI | L85: SI | M85: Leopoldo Farr | N85: Jefran Valecillos | O85: Sin equipo asignado
B86: José Suárez | C86: 26-09-2025 | D86: Asignado | E86: Operaciones | F86: Santa Ana | I86: Pendiente | J86: NO | K86: SI | L86: SI | M86: Leopoldo Farr | N86: Jefran Valecillos
B87: Andrés Ávila | C87: 26-09-2025 | D87: Asignado | E87: Operaciones | F87: Gran Avenida | I87: Pendiente | J87: NO | K87: SI | L87: SI | M87: Leopoldo Farr | N87: Jefran Valecillos
A88: 18046837-0 | B88: cristian medina | C88: 06-10-2025 | D88: Asignado | E88: RRHH | G88: Lenovo | H88: Thinkpad T14 Gen1 | I88: S/N | J88: NO | K88: NO | L88: NO | M88: Matias Sandoval | N88: Cristian Medina
A89: 18406837-0 | B89: Cristian Medina | C89: 06-10-2025 | D89: Asignado | E89: RRHH | G89: Lenovo | H89: Thinkpad T14 Gen1 | I89: PF-35GTK1 | J89: NO | K89: NO | L89: SI | M89: Matias Sandoval | N89: Cristian Medina
A90: 18995949-4 | B90: Camila Villalobos | C90: 09-10-2025 | D90: Asignado | E90: Calidad | G90: ASUS | H90: VIVOBOOK | I90: r7n0cv03379502 | J90: SI | K90: NO | L90: SI | M90: Emilio Droguett | N90: Camila Villalobos
A91: 16847662-0 | B91: henry cariman | C91: 17-10-2025 | D91: Asignado | E91: RRHH | G91: HP | H91: Probook 440 g8 | I91: 5CD2087W6R | J91: NO | K91: NO | L91: SI | M91: Matias Sandoval | N91: Henry Cariman
B92: Erick Giraldo | C92: 12-11-2025 | D92: Asignado | E92: Operaciones | G92: ASUS | H92: E1404G | I92: R7N0CV03379527C | J92: NO | K92: NO | L92: SI | M92: Matias Sandoval | N92: Erick Giraldo
A93: 21572252-k | B93: Giselle Roa | C93: 18-11-2025 | D93: Asignado | E93: Informatica | F93: Casa Matriz | G93: Lenovo | H93: Thinkpad L14 | I93: PF360JLP | J93: NO | K93: NO | L93: SI | M93: Nicolas Moya | N93: Giselle Roa
B94: Roberto Ramirez | C94: 02-12-2025 | D94: Asignado | F94: Casa Matriz | G94: HP | H94: hp laptop 14 | I94: 1H943605DB | J94: NO | K94: NO | L94: SI | M94: Emilio Droguett | N94: Roberto Ramírez
B95: Rodrigo Garcia | C95: 04-12-2025 | D95: Asignado | E95: Operaciones | G95: Lenovo | H95: Ideapad Slim3 | I95: PF4CC3Y4 | J95: NO | K95: NO | L95: SI | M95: Emilio Droguett | N95: Germán Echesuri
B96: Pia Escobar | C96: 05-12-2025 | D96: Asignado | E96: Auditoria | F96: Casa Matriz | G96: Lenovo | H96: Ideapad Slim3 | I96: PF4CA6ZM | J96: NO | K96: NO | L96: SI | M96: Emilio Droguett | N96: Pia Escobar
A97: 20426960-2 | B97: Paula Mellico | C97: 11-12-2025 | D97: Asignado | E97: Calidad | F97: Casa Matriz | G97: Asus | H97: Vivobook | I97: T7N0CV15A844303 | J97: NO | K97: NO | L97: SI | M97: Emilio Droguett | N97: Paula Mellico
A98: 18540307-6 | B98: Christopher celedon | C98: 19-12-2025 | D98: Asignado | E98: Finanzas | G98: Hp | H98: Probook 440 g7 | I98: 5CD1146ZVZ | J98: NO | K98: NO | L98: SI | M98: Matias Sandoval | N98: Christopher Celedón
B99: Andrea Gutierrez | C99: 22-12-2025 | D99: Asignado | E99: Contabilidad | F99: Casa Matriz | G99: HP | H99: HP PROBOOK 440 G8 | I99: SCD2087VZ9 | J99: NO | K99: NO | L99: SI | M99: Emilio Droguett | N99: Andrea Gutierrez
A100: 14173391-5 | B100: Alexis Muñoz | C100: 05-01-2026 | D100: Asignado | E100: Compras | G100: HP | H100: Zbook Power G8 | I100: 5CD2210ZQX | J100: NO | K100: NO | L100: SI | M100: Germán Echesuri | N100: Germán Echesuri
A101: 15363591-9 | B101: Magdalena Soldati | C101: 05-01-2026 | D101: Asignado | E101: Marketing | G101: Huawei | H101: Matebook 13 | I101: Pendiente | J101: NO | K101: NO | L101: SI | M101: Germán Echesuri | N101: Germán Echesuri
A102: 21679826-0 | B102: Germán Echesuri | C102: 06-01-2026 | D102: Asignado | E102: Control de Gestión | G102: Asus | H102: Zenbook | I102: T7N0CX040150305 | J102: NO | K102: NO | L102: SI | M102: Germán Echesuri | N102: Germán Echesuri
B103: Alejandro Useche | C103: 08-01-2026 | D103: Asignado | E103: operaciones | G103: asus | H103: vivobook E1404G | I103: T7N0CV01K94627G | J103: NO | K103: NO | L103: SI | M103: Matias Sandoval | N103: Alejandro Useche
B104: Jean Castillo | C104: 13-01-2026 | D104: Asignado | E104: Marketing | G104: ASUS | H104: VIVOBOOK | I104: S1N0CV02W987028 | J104: NO | K104: NO | L104: SI | M104: Emilio Droguett | N104: Jean Paul Castillo | O104: Queda pendiente devolución de equipo actual
B105: Vicente Espinoza | C105: 14-01-2026 | D105: Asignado | E105: Informatica | G105: HP | H105: PROBOOK | I105: 5CD1146ZVZ | J105: NO | K105: NO | L105: SI | M105: Emilio Droguett | N105: Vicente Espinoza
A106: 15431962-K | B106: Patricio Castillo | C106: 19-02-2026 | D106: Asignado | E106: Mantencion | G106: HP | H106: HP15-dy2060la | I106: 5CD207FVV8 | J106: NO | K106: NO | L106: SI | M106: Vicente Espinoza | N106: Patricio Castillo
A107: 26061142-9 | B107: Erick Giraldo | C107: 12-03-2026 | D107: Asignado | E107: Operaciones | G107: HP | H107: ProBook 440 | I107: 5CD2087VZ4 | J107: NO | K107: NO | L107: SI | M107: Matias Sandoval | N107: Erick Giraldo
...

Sheet _Data
A2: 20303787-2 | B2: Tiare Sandoval | C2: 12-09-2025 | D2: Asignado | E2: Operaciones | F2: Mall Concepción | G2: Lenovo | H2: IdeaPad Slim3 | I2: PF4CC5M7 | J2: SI | K2: SI | L2: SI | M2: Matias Sandoval | N2: Jefran Valecillos | Q2: Giselle Rosales | R2: 56941127502 | S2: Claro | T2: Samsung Galaxy A22 | U2: 353325955457688 | W2: Finanzas
A3: 14106954-3 | B3: Ana María Galleguillos | C3: 01-09-2025 | D3: Asignado | E3: Operaciones | F3: Manuel Montt | G3: ASUS | H3: Vivobook X515JAB | I3: s1N0CV02141028 | J3: SI | K3: SI | L3: SI | M3: Leopoldo Farr | N3: Jefran Valecillos | O3: Precio 13UF | Q3: Patricia Bustos | R3: 56996407624 | S3: Claro | T3: Motorola E13 | U3: 357521205244183 | W3: RRHH
A4: 18023209-5 | B4: Matías Acuña | C4: 01-07-2025 | D4: Asignado | E4: Marketing | F4: Casa Matriz | G4: ASUS | H4: Vivobook X515JAB | I4: N2N0CX05R26906F | J4: SI | K4: NO | L4: SI | M4: Leopoldo Farr | N4: Magdalena Soldati | Q4: Nicole Torres | R4: 56950000761 | S4: Claro | T4: Iphone 11 | U4: 356811119825230 | W4: RRHH
A5: 33689249-k | B5: José Daniel Suárez | C5: 15-05-2025 | D5: Asignado | E5: Operaciones | F5: Santa Ana | G5: ASUS | H5: Vivobook Go 14 | I5: S1N0CV02X10802A | J5: SI | K5: SI | L5: SI | M5: Leopoldo Farr | N5: Jefran Valecillos | Q5: Jean Paul | R5: 56947081292 | S5: Claro | T5: Celular propio | U5: 356532963895810 | W5: MKT
A6: 22184692-3 | B6: Belén Bernales | C6: 06-01-2025 | D6: Asignado | E6: Administración y Finanzas | F6: Casa Matriz | G6: ASUS | H6: Vivobook Go 14 | I6: S1N0CV02X155026 | J6: SI | K6: NO | L6: SI | M6: Leopoldo Farr | N6: Blanca Marambio | Q6: Leonel Rojas | R6: 56968490485 | S6: Claro | T6: Samsung Galaxy A22 | U6: 353325956071207 | W6: Zonal
A7: 17923095-k | B7: Patricio Ramos | C7: 28-05-2024 | D7: Asignado | E7: Operaciones | F7: Punta ARenas | G7: ASUS | H7: Vivobook E1404G | I7: S1N0CV02X18302C | J7: SI | K7: NO | L7: SI | M7: Leopoldo Farr | N7: Jefran Valecillos | Q7: Chanel Salazar | R7: 56941130516 | S7: Claro | T7: Samsung Galaxy A22 | U7: 353325955453810 | W7: Gerente local
A8: 18250292-8 | B8: Roberto Lagos | C8: 02-04-2025 | D8: Asignado | E8: Informatica | F8: Casa Matriz | G8: ASUS | H8: Vivobook | I8: R7N0CV03379527C | J8: SI | K8: NO | L8: SI | M8: Leopoldo Farr | N8: Leopoldo Farr | Q8: Capacitacion | R8: 56964958620 | S8: Claro | V8: Ex Evelyn Barrera/ No tiene buzon de voz ni wsp
A9: 25433283-6 | B9: Mariuxi Mosquera | C9: 19-07-2024 | D9: Asignado | E9: Operaciones | F9: San Francisco | G9: ASUS | H9: Vivobook | I9: S1N0CV02213020 | J9: SI | K9: NO | L9: SI | M9: Leopoldo Farr | N9: Nehormalin Vargas | Q9: Rodrigo Garcia | R9: 56963346017 | S9: Claro | V9: Ex Erick Giraldo/ se llamó y no contestó. No tiene wsp
A10: 25403967-5 | B10: Nehormarlín Vargas | C10: 01-12-2023 | D10: Asignado | E10: Marketing | F10: Casa Matriz | G10: Dell | H10: Vostro 14 3000 | I10: 5Z278F3 | J10: SI | K10: NO | L10: SI | M10: Leopoldo Farr | N10: Magdalena Soldati | Q10: Andrea Parisca | R10: 56993430683 | S10: Claro | T10: Celular propio | V10: Celular no detecta ICCID de la sim | W10: Call center
A11: 25978475-1 | B11: Gabriel Casanova | C11: 07-01-2025 | D11: Asignado | E11: Operaciones | F11: Casa Matriz | G11: ASUS | H11: Vivobook Go | I11: X1N0V02X225029 | J11: SI | K11: NO | L11: SI | M11: Leopoldo Farr | N11: Jefran Valecillos | Q11: Cristian Parada | R11: 56991608483 | S11: Claro | T11: Samsung Galaxy A14 | U11: 35054264592800 | W11: Prevencion de riesgos
A12: 19211814-k | B12: Giselle Rosales | C12: 19-01-2024 | D12: Asignado | E12: Administración y Finanzas | F12: Casa Matriz | G12: HP | H12: Probook RTL8852AE | I12: 4S055LT#ABM | J12: SI | K12: NO | L12: SI | M12: Leopoldo Farr | N12: Trinidad Garcia | O12: Con adaptador de red | Q12: Mariangela Aranguren | R12: 56963346093 | S12: Claro | T12: Motorola E13 | U12: 357521205245305 | W12: Compras
A13: 26738496-7 | B13: Escarlin López | C13: 08-05-2024 | D13: Asignado | E13: Operaciones | F13: Arica | G13: Lenovo | H13: Thinkpad L14 | I13: JVHFC1 | J13: SI | K13: SI | L13: SI | M13: Leopoldo Farr | N13: Jefran Valecillos | Q13: Jefran Valecillos | R13: 56968422358 | S13: Claro | T13: Celular propio | W13: Gerente operaciones
A14: 13706170-8 | B14: Aracely Avilés | C14: 29-05-2023 | D14: Asignado | E14: Compras | F14: Casa Matriz | G14: HP | H14: 240 G8 | I14: 8-NTHP5116 | J14: SI | K14: NO | L14: SI | M14: Leopoldo Farr | N14: Leopoldo Farr | O14: confirmar n serie | Q14: Marcela Lillo | R14: 56950000373 | S14: Claro | T14: Motorola G05 | U14: 359488352152643 | V14: Ex Nicole Echeverria | W14: MKT
A15: 10092205-3 | B15: Patricia Bustos | C15: 29-05-2023 | D15: Asignado | E15: RRHH | F15: Casa Matriz | G15: HP | H15: 240 G8 | I15: 8-NTHP5116 | J15: SI | K15: NO | L15: SI | M15: Leopoldo Farr | N15: Leopoldo Farr | O15: Confirmar N serie | Q15: Nicolas Moya | R15: 56950000772 | S15: Claro | T15: Celular propio | U15: 8956030215875618816 | W15: Informatica
A16: 26401374-7 | B16: Gabriel Colls | C16: 16-05-2023 | D16: Asignado | E16: RRHH | F16: Casa Matriz | G16: Lenovo | H16: Thinkpad L14 | I16: R17ET34W | J16: SI | K16: NO | L16: SI | M16: Leopoldo Farr | N16: Leopoldo Farr | Q16: Melissa Cunza | R16: 56990234718 | S16: Claro | T16: Iphone 11 | U16: 351174770524955 | W16: Gerenta RRHH
A17: 15635683-2 | B17: Pamela Carrasco | C17: 03-10-2022 | D17: No Asignado | E17: RRHH | F17: Casa Matriz | G17: HP | H17: Probook | I17: 5CD2087W6R | J17: SI | K17: SI | L17: SI | M17: Leopoldo Farr | N17: Leopoldo Farr | Q17: Ricardo San Martin | R17: 56976560604 | S17: Claro | T17: Iphone XR | U17: DX3FJ828KXK1 | W17: Auditoria
A18: 16847662-0 | B18: Henry Cariman | C18: 27-01-2021 | D18: Asignado | E18: RRHH | F18: Casa Matriz | G18: Lenovo | H18: Thinkpad T14 | I18: PF3658ZS | J18: SI | K18: NO | L18: SI | M18: Leopoldo Farr | N18: Leopoldo Farr | Q18: Patricio Castillo | R18: 56976560560 | S18: Claro | T18: Celular propio | U18: 359358947490669 | W18: Mantencion
A19: 15138960-0 | B19: Yexy Oliva | C19: 01-08-2022 | D19: Asignado | E19: Producción | F19: Casa Matriz | G19: Lenovo | H19: Thinkpad T14 | I19: L14PF2Q69Q | J19: SI | K19: NO | L19: SI | M19: Leopoldo Farr | N19: Leopoldo Farr | Q19: Juan Carlos Varea | R19: 56964958619 | S19: Claro | T19: Motorola G35 256G | U19: 356304136221963 | V19: Ex colaborador | W19: Mantencion
A20: 17073151-4 | B20: Cristian Parada | C20: 02-12-2021 | D20: Asignado | E20: RRHH | F20: Casa Matriz | G20: Lenovo | H20: Thinkpad L14 | I20: PF30E8CP | J20: SI | K20: NO | L20: SI | M20: Leopoldo Farr | N20: Leopoldo Farr | Q20: Aracely Aviles | R20: 56981644643 | S20: Claro | T20: Iphone XR (roto), pero usa personal | U20: 8956034253031710720 | W20: Commissary
A21: 18991948-4 | B21: Chanel Salazar | C21: 30-09-2021 | D21: Asignado | E21: Operaciones | F21: Antofagasta 2 | G21: HP | H21: 240 G | I21: 5CG0423ZFL | J21: SI | K21: SI | L21: SI | M21: Leopoldo Farr | N21: Jefran Valecillos | Q21: Magdalena Soldati | R21: 56992298821 | S21: Claro | V21: Permiso administrativo | W21: MKT
A22: 17073151-4 | B22: Cristian Parada | C22: 02-12-2021 | D22: Asignado | E22: RRHH | F22: Casa Matriz | G22: HP | H22: Probook 430 G4 | I22: 5CD7341P9N | J22: SI | K22: NO | L22: SI | M22: Leopoldo Farr | N22: Leopoldo Farr | Q22: Matias Sandoval | R22: 56956420464 | S22: Claro | T22: Motorola G35 256GB | U22: 356304136333479 | W22: Informatica
A23: 18604434-7 | B23: Jasmín Maldonado | C23: 03-10-2023 | D23: Asignado | E23: Administración y Finanzas | F23: Casa Matriz | G23: HP | H23: Probook 440 G8 | I23: 5CD2087VZ9 | J23: SI | K23: NO | L23: SI | M23: Leopoldo Farr | N23: Leopoldo Farr | Q23: Camila Najle | R23: 56956395706 | S23: Claro | T23: Samsung Galaxy A14 | U23: 35054264569055 | W23: Calidad
A24: 25861830-0 | B24: Mariangela Aranguren | C24: 14-06-2023 | D24: Asignado | E24: Operaciones | F24: Casa Matriz | G24: Lenovo | H24: MT Idea B14 82C4 | I24: DKCN54WW | J24: SI | K24: NO | L24: SI | M24: Leopoldo Farr | N24: Leopoldo Farr | Q24: Darwin Flores | R24: 56968750172 | S24: Claro | T24: Galaxy A14 | U24: 352054264573511 | W24: MKT
A25: 15544965-9 | B25: Carolina Pasmiño | C25: 21-12-2023 | D25: Asignado | E25: Operaciones | F25: Casa Matriz | G25: Lenovo | H25: Ideapad 3 Gen 8 15.6'' | I25: PF4C9TN3 | J25: SI | K25: SI | L25: SI | M25: Leopoldo Farr | N25: Jefran Valecillos | Q25: Emilio Droguett | R25: 56981645436 | S25: Claro | T25: Motorola G35 256GB | U25: 353200652142307 | W25: informatica
A26: 21209090-5 | B26: Camila Hernández | C26: 21-12-2023 | D26: Asignado | E26: Operaciones | F26: Quilpué | G26: ASUS | H26: Vivobook Go 14 E1404 | I26: R7N0CV03375227B | J26: SI | K26: SI | L26: SI | M26: Leopoldo Farr | N26: Jefran Valecillos | O26: Se agregar adaptador RJ45 | Q26: Trinidad Garcia | R26: 56990234727 | S26: Claro | T26: Galaxy A22 | U26: 352225955462126 | W26: Gerenta Finanzas
A27: 20260525-7 | B27: Natalia Marchant | C27: 21-12-2023 | D27: Asignado | E27: Operaciones | F27: Parque Angamos | G27: ASUS | H27: Vivobook Go 14 E1404 | I27: R7N0CV03379227B | J27: SI | K27: SI | L27: SI | M27: Leopoldo Farr | N27: Jefran Valecillos | O27: Adaptador RJ45 | Q27: German Echesuri | R27: 56964322186 | S27: Claro | T27: Celular propio | U27: 353400795934830 | W27: Control de Gestion
A28: 26250116-7 | B28: Kelvis Orellana | C28: 21-12-2023 | D28: Asignado | E28: Operaciones | F28: Calama | G28: ASUS | H28: Vivobook Go 14 E1404 | I28: R7N0CV033849271 | J28: SI | K28: SI | L28: SI | M28: Leopoldo Farr | N28: Jefran Valecillos | O28: Adaptador RJ45 | Q28: Yexy Oliva | R28: 56983325804 | S28: Claro | T28: Motorola G35 | U28: 356304137088379 | W28: Commissary
A29: 26008440-2 | B29: Alvaro García | C29: 21-12-2023 | D29: Asignado | E29: Operaciones | F29: Casa Matriz | G29: ASUS | H29: Vivobook Go 14 E1404 | I29: R7N0CV033711273 | J29: SI | K29: SI | L29: SI | M29: Leopoldo Farr | N29: Jefran Valecillos | O29: Adaptador RJ45 | Q29: Marlon Ferrada | R29: 56946470632 | S29: Claro | T29: Galaxy A14 | U29: 352054264570947 | W29: MKT
A30: 26917761-6 | B30: Efren Gallego | C30: 21-12-2023 | D30: Asignado | E30: Operaciones | F30: Concepición Los Carrera | G30: Lenovo | H30: Ideapad 3 Gen 8 15.6'' | I30: PF4CC446 | J30: SI | K30: SI | L30: SI | M30: Leopoldo Farr | N30: Jefran Valecillos | Q30: Andrea Hidalgo | R30: 56946382799 | S30: Claro | T30: Galaxy A32 | U30: 350257391768688 | W30: Informatica
A31: 20194375-2 | B31: Danitza Reyes | C31: 21-12-2023 | D31: Asignado | E31: Operaciones | F31: Chiguayante | G31: ASUS | H31: Vivobook Go 14 E1404 | I31: R7N0CV033844273 | J31: SI | K31: SI | L31: SI | M31: Leopoldo Farr | N31: Jefran Valecillos | O31: Adaptador RJ45 | Q31: Paulina Rozas | R31: 56950021464 | S31: Claro | T31: Celular propio | W31: Call center
A32: 13823607-2 | B32: Mario Hechenleitner | C32: 21-12-2023 | D32: Asignado | E32: Operaciones | F32: Osorno 2 | G32: ASUS | H32: Vivobook Go 14 E1404 | I32: R7N0CV033817273 | J32: SI | K32: SI | L32: SI | M32: Leopoldo Farr | N32: Jefran Valecillos | O32: Adaptador RJ45 | Q32: SAC | R32: 56978977656 | S32: Claro | V32: Paulina/empresa externa | W32: Call center
A33: 20064587-1 | B33: Camila Álvarez | C33: 21-12-2023 | D33: Asignado | E33: Operaciones | F33: Puerto Montt 2 | G33: Lenovo | H33: Ideapad 3 Gen 8 15.6'' | I33: PF4CC3Y4 | J33: SI | K33: SI | L33: SI | M33: Leopoldo Farr | N33: Jefran Valecillos | Q33: Valparaiso | R33: 56954522837 | S33: Claro | T33: FEXT | U33: 356369480503027 | V33: Ex Katherine Atias
A34: 15907734-9 | B34: Carolina Núñez | C34: 21-12-2023 | D34: Asignado | E34: Operaciones | F34: Talca | G34: Lenovo | H34: Ideapad 3 Gen 8 15.6'' | I34: PF4ANXQE | J34: SI | K34: SI | L34: SI | M34: Leopoldo Farr | N34: Jefran Valecillos | Q34: Roberto Loyola | R34: 56934598991 | S34: Claro | T34: Celular Propio | U34: 8956030234956249088 | W34: Informatica
A35: 18995949-4 | B35: Camila Villalobos | C35: 11-01-2023 | D35: Asignado | E35: Calidad | F35: Casa Matriz | G35: ASUS | H35: VivoBook X515JAB | I35: R7N0CV033379527C | J35: SI | K35: SI | L35: SI | M35: Leopoldo Farr | N35: Camila Najle | Q35: Roberto Lagos | R35: 56986019701 | S35: Claro | T35: Samsung Galaxy A14 | U35: 352054264581787 | W35: Informatica
A36: 25861830-0 | B36: Mariangela Aranguren | C36: 05-08-2021 | D36: Asignado | E36: Compras | F36: Casa Matriz | G36: Lenovo | H36: Thinkpad L14 | I36: PF2Q40WX | J36: SI | K36: SI | L36: SI | M36: Leopoldo Farr | N36: Leopoldo Farr | Q36: Elizabeth Palacios | R36: 56986019865 | S36: Claro | T36: Galaxy A14 | U36: 355709312542456 | W36: Calidad ??
A37: 13083079-1 | B37: Leonel Rojas | C37: 27-02-2023 | D37: Asignado | E37: Operaciones | F37: Casa Matriz | G37: Lenovo | H37: Thinkpad L14 | I37: PF2Q6R4A | J37: SI | K37: NO | L37: SI | M37: Leopoldo Farr | N37: Jefran Valecillos | Q37: Alejandro Rodriguez | R37: 56986019639 | S37: Claro | T37: Galaxy A14 | U37: 352054263130701 | V37: Ex Jefferson Dornelles | W37: Mantencion
A38: 22146873-2 | B38: Gisselle Venegas | C38: 06-01-2025 | D38: Asignado | E38: Finanzas | F38: Casa Matriz | G38: Lenovo | H38: Thinkpad L14 | I38: 20U2S00A00 | J38: SI | K38: NO | L38: SI | M38: Leopoldo Farr | N38: Leopoldo Farr | Q38: Leonardo Gonzalez | R38: 56946223422 | S38: Claro | V38: No tiene wsp
A39: 27238248-4 | B39: Allan Sinisterra | C39: 11-01-2023 | D39: Asignado | E39: Commissary | F39: Casa Matriz | G39: Lenovo | H39: Ideapad 3 | I39: PF4CAZM | J39: SI | K39: NO | L39: SI | M39: Leopoldo Farr | N39: Leopoldo Farr | Q39: Camilo Cotal | R39: 56950997436 | S39: Claro | T39: Galaxy A14 | U39: 355709314624153 | W39: Commissary
A40: 19310439-8 | B40: Francisco Gutiérrez | C40: 28-06-2024 | D40: Asignado | E40: Operaciones | F40: Quilicura | G40: Lenovo | H40: Ideapad 3 Gen 8 15.6'' | I40: SPF4CA5DM | J40: SI | K40: SI | L40: SI | M40: Leopoldo Farr | N40: Leopoldo Farr | Q40: Gabriel Colls | R40: 56964871670 | S40: Claro | T40: Iphone 11 | U40: 353922109169845 | W40: RRHH
A41: 26611799-K | B41: Gabriela Castro | C41: 15-05-2024 | D41: Asignado | E41: Operaciones | F41: Copiapó | G41: ASUS | H41: Vivobook Go 14 E1404 | I41: S1N0CV02X14302A | J41: SI | K41: NO | L41: SI | M41: Leopoldo Farr | N41: Jefran Valecillos | Q41: Elizabeth Nahuelpan | R41: 56942382706 | S41: Claro | T41: Galaxy A14 | U41: 352054264583486 | W41: RRHH
A42: 26401147-7 | B42: Alejandro Rodríguez | C42: 11-01-2023 | D42: Asignado | E42: Operaciones | F42: Casa Matriz | G42: ASUS | H42: Vivobook 3 | I42: R7N0CV033791276 | J42: SI | K42: NO | L42: SI | M42: Leopoldo Farr | N42: Jefran Valecillos | Q42: Alexis Muñoz | R42: 56950406838 | S42: Claro | T42: Motorola G35 256G | U42: 356304136221963 | V42: Ex Juan Carlos Varea | W42: Mantencion
A43: 25564977-9 | B43: Pedro Marchán | C43: 28-06-2024 | D43: Asignado | E43: Operaciones | F43: Rotonda Atenas | G43: ASUS | H43: Vivobook 3 | I43: S1N0CV02X223023 | J43: SI | K43: SI | L43: SI | M43: Leopoldo Farr | N43: Jefran Valecillos | Q43: Pia Escobar | R43: 56950406230 | S43: Claro | T43: Galaxy A22 | U43: 353325955465822 | V43: Marcelo | W43: Calidad
A44: 16392527-3 | B44: Elizabet Palacios | C44: 07-10-2024 | D44: Asignado | E44: Calidad | F44: Casa Matriz | G44: Pendiente | H44: Pendiente | I44: Pendiente | J44: SI | K44: SI | L44: SI | Q44: Elizabeth Palacios | R44: 56950403753 | S44: Claro | T44: Galaxy A14 | U44: 355709312542456 | V44: Marcelo | W44: Calidad ??
A45: 18472721-8 | B45: Giselle Ojeda | C45: 20-05-2024 | D45: Asignado | E45: Operaciones | F45: Puerto Montt | G45: ASUS | H45: Vivobook Go 14 E1404 | I45: S1N0CV02X14202C | J45: SI | K45: NO | L45: SI | M45: Leopoldo Farr | N45: Jefran Valecillos | Q45: BAM 1 | R45: 56957386542 | S45: Claro | V45: Pedir Simcard
A46: 17348348-1 | B46: Melissa Saavedra | C46: 21-12-2023 | D46: Asignado | E46: Operaciones | F46: Chillán | G46: Lenovo | H46: Pendiente | I46: Pendiente | J46: SI | K46: NO | L46: SI | M46: Leopoldo Farr | N46: Jefran Valecillos | O46: Adaptador RJ45 | Q46: BAM 3 | R46: 56986019927 | S46: Claro | V46: Pedir Simcard
A47: 17679797-5 | B47: Álvaro Arend | C47: 15-04-2025 | D47: Asignado | E47: Operaciones | F47: Casa Matriz | G47: Lenovo | H47: Thinkpad L14 | I47: PF360JLP | J47: SI | K47: NO | L47: SI | M47: Leopoldo Farr | N47: Jefran Valecillos | Q47: Karol Barrera | R47: 56999230881 | S47: Claro | T47: Samsung Galaxy A22 | U47: 353325955843218 | V47: sim card entregada | W47: RRHH
A48: 19660285-2 | B48: Brayan Valdebenito | C48: 09-07-2025 | D48: Asignado | E48: Informatica | F48: Casa Matriz | G48: HP | H48: HP ZBOOK POWER G8 | I48: 5CD1518L71 | J48: SI | K48: SI | L48: SI | M48: Matias Sandoval | N48: Brayan Valdebenito | Q48: BAM 5 | R48: 56999244313 | S48: Claro | V48: Pedir Simcard
A49: 17122932-4 | B49: Paulina Rozas | C49: 01-05-2022 | D49: Asignado | E49: Marketing | F49: Casa Matriz | G49: DELL | H49: inspiron 15 | I49: 1d83HG3 | J49: NO | K49: SI | L49: SI | M49: Matias Sandoval | N49: Paulina Rozas | Q49: Disponible | R49: 56941067728 | S49: Claro | V49: Ex Pamela Carrasco
A50: 19241615-9 | B50: Marlon Ferrada | C50: 07-05-2025 | D50: Asignado | E50: Marketing | F50: Casa Matriz | G50: hp | H50: Probook 440 | I50: RTL8852AE | J50: NO | K50: SI | L50: SI | M50: Matias Sandoval | N50: Marlon Ferrada | Q50: Disponible | R50: 56990234721 | S50: Claro | V50: Ex Alejandra Perez
A51: 23955543-8 | B51: Katherine Arias | C51: 12-06-2024 | D51: Asignado | E51: Calle Center | F51: Casa Matriz | G51: Lenovo | H51: Thinkpad t14 gen1 | I51: Pf-34ezwh | J51: NO | K51: SI | L51: SI | M51: Matias Sandoval | N51: Katherine Arias | Q51: Revisar | R51: 56946472197 | S51: Claro | V51: Ex Karen Doggenweiller/ Pedir linea
A52: 20900351-1 | B52: Nicolas Moya | C52: 24-09-2025 | D52: Asignado | E52: Informatica | F52: Casa Matriz | G52: ASUS | H52: Vivobook X1404ZA_X1404ZA | I52: S2N0CX04D495084 | J52: SI | K52: NO | L52: SI | M52: Leopoldo Farr | N52: Nicolas Moya | O52: No hay documento de recepcion | Q52: Jasmin Maldonado | R52: 56990153750 | S52: Claro | V52: Revisar Ex colaboradora/ Se contacto por wsp, no respondío | W52: nicolas
A53: 18023209-5 | B53: Matías acuña | C53: 22-04-2025 | D53: Asignado | E53: Marketing | F53: Casa Matriz | G53: Asus | H53: M515j | I53: N2n0cx05r26906f | J53: NO | K53: SI | L53: SI | M53: Matias Sandoval | N53: Matias Acuña | Q53: Estefania Monrroy | R53: 56950000352 | V53: Sim deshabilitado
A54: 15430712-5 | B54: Juan Cofré | C54: 12-03-2024 | D54: Asignado | E54: Finanzas | F54: Casa Matriz | G54: Lenovo | H54: Thinkpad gen6 | I54: Pf-2kh8az | J54: NO | K54: SI | L54: SI | M54: Matias Sandoval | N54: Juan Cofre | Q54: Leopoldo Farr | R54: 56993423169 | T54: Celular Propio y linea propia | W54: informatica
A55: 13197851-0 | B55: Roberto Loyola | C55: 09-01-2023 | D55: Asignado | E55: Informática | F55: Casa Matriz | G55: Lenovo | H55: Thinkpad t14 gen2 | I55: PF 2KJ2FL | J55: NO | K55: SI | L55: SI | M55: Matias Sandoval | N55: Roberto Loyola | Q55: Alejandro Useche | R55: 56973644701 | T55: Celular propio | U55: 8956026200056758272
A56: 10783880-5 | B56: Leopoldo Farr | C56: 26-04-2024 | D56: Asignado | E56: Informática | F56: Casa Matriz | G56: Samsung | H56: 750xfg | I56: KW1P99YWB000AZY | J56: NO | K56: SI | L56: SI | M56: Roberto Loyola | N56: Leopoldo Farr | Q56: Andrés Zarzar | R56: 56974319155 | S56: Claro | T56: XIOAMI 15T | U56: 860647072737106 | W56: Gerente General
A57: 26024258-k | B57: Andrei arria | C57: 19-05-2025 | D57: Asignado | E57: Marketing | F57: Casa Matriz | G57: Macbook | H57: Macbook pro | I57: C02fg8jfq05d | J57: NO | K57: SI | L57: SI | M57: Matias Sandoval | N57: Andrei Arria | Q57: Vicente Espinoza | R57: 56920496571 | S57: WOM | T57: Celular propio | U57: 89560900000751075328 | W57: Informatica
A58: 21679826-0 | B58: Germán Echesuri | C58: 01-01-2023 | D58: Devuelto | E58: Control de Gestión | F58: Casa Matriz | G58: HP | H58: ZBOOK Power G8 | I58: 5CD2210ZQX | J58: NO | K58: NO | L58: SI | M58: Leopoldo Farr | N58: Germán Echesuri | Q58: Graciela Dayanna Romero | S58: WOM | T58: ZTE Blade A76 | U58: 864995070141789 | V58: Sim valentina araya | W58: RRHH
A59: 26831508K | B59: Santiago Pineda | C59: 01-04-2021 | D59: Asignado | E59: Finanzas | F59: Casa Matriz | G59: Dell | H59: Inspiraron 14 3000 | I59: JJNT293 | J59: NO | K59: SI | L59: SI | M59: Matias Sandoval | N59: Santiago Pineda | Q59: Tienda Valparaiso | R59: 56936508796 | S59: WOM
A60: 177593990 | B60: Camila Najle | C60: 19-04-2021 | D60: Asignado | E60: Calidad | F60: Casa Matriz | G60: HP | H60: HP 240 G8 | I60: 5CG1130T6H | J60: NO | K60: NO | L60: SI | M60: Matias Sandoval | N60: Camila Najle | Q60: Equipo disponible(camara mala) | T60: ZTE Blade A35 | U60: 868985073220835
A61: 19962361-3 | B61: Matías Sandoval | C61: 05-08-2025 | D61: Asignado | E61: Informatica | F61: Casa Matriz | G61: Dell | H61: Inspiron 15 5510 | I61: CL83HG3 | J61: NO | K61: NO | L61: SI | M61: Leopoldo Farr | N61: Matias Sandoval
A62: 15363591-9 | B62: Magdalena Soldati | C62: 25-09-2025 | D62: Devuelto | E62: Marketing | F62: Casa Matriz | G62: ASUS | H62: Vivobook X1605Z | I62: S1N0CV02W987028 | J62: NO | K62: NO | L62: SI | M62: Alejandra Perez | N62: Alejandra Perez
A63: 13935648-9 | B63: Elizabeth Nahuelpán | C63: 02-09-2025 | D63: Asignado | E63: RRHH | F63: Casa Matriz | G63: Asus | H63: Vivobook e1404ga | I63: R7N0CV338232TE | J63: NO | K63: NO | L63: SI | M63: Matias Sandoval | N63: Elizabeth Nahuelpan
A64: 16628331-0 | B64: Cynthia Martinez | C64: 03-07-2025 | D64: Asignado | E64: RRHH | F64: Casa Matriz | G64: Dell | H64: Thinkpad t14 gen1 | I64: PF35GTK1 | J64: NO | K64: NO | L64: SI | M64: Matias Sandoval | N64: Cynthia Martinez
A65: 7038100-1 | B65: Trinidad García | C65: 09-04-2025 | D65: Asignado | E65: Finanzas | F65: Casa Matriz | G65: Asus | H65: Vivobook x1605za | I65: S5N0CV06119920F | J65: NO | K65: NO | L65: SI | M65: Matias Sandoval | N65: Trinidad Garcia
A66: 13080548-5 | B66: Blanca Marambio | C66: 08-02-2024 | D66: Asignado | E66: Finanzas | F66: Casa Matriz | G66: Samsung | H66: 750xfg | I66: KW1P99YW80001PF | J66: NO | K66: NO | L66: SI | M66: Matias Sandoval | N66: Blanca Marambio
A67: 18061730-2 | B67: Nedjelka segovia | C67: 07-09-2023 | D67: Asignado | E67: Finanzas | F67: Casa Matriz | G67: Hp | H67: Probook 440g8 | I67: 5CD2087W03 | J67: NO | K67: NO | L67: SI | M67: Matias Sandoval | N67: Matias Sandoval
A68: 26216844-1 | B68: Andrea Parisca | C68: 14-05-2025 | D68: Asignado | E68: Call Center | F68: Casa Matriz | G68: Dell | H68: Thinkpad t14 gen1 | I68: PF30F197 | J68: NO | K68: NO | L68: SI | M68: Matias Sandoval | N68: Andrea Parisca
A69: 14519210-2 | B69: Melissa Cunza | C69: 25-08-2025 | D69: Asignado | E69: RRHH | F69: Casa Matriz | G69: Asus | H69: Zenbook | I69: R7N0LP02Y598297 | J69: NO | K69: NO | L69: SI | M69: Matias Sandoval | N69: Melissa Cunza
A70: 15764713-k | B70: Khristian Castro | C70: 24-01-2025 | D70: Asignado | E70: Operaciones | F70: Casa Matriz | G70: Asus | H70: E1404g | I70: R7N0CV033842270 | J70: NO | K70: NO | L70: SI | M70: Matias Sandoval | N70: Khristian Castro
A71: 16.233.316-K | B71: Andrea Hidalgo | C71: 03-01-2023 | D71: Asignado | E71: Informatica | F71: Casa Matriz | G71: Samsung | H71: NP750XFG | I71: KW1P99YW800057N | J71: NO | K71: NO | L71: SI | M71: Emilio Droguett | N71: Andrea Hidalgo
A72: 19718116-8 | B72: Nicole Torres | C72: 03-08-2022 | D72: Asignado | E72: RRHH | F72: Casa Matriz | G72: Hp | H72: HP 15-DY2064la | I72: 5CD20TFWBM | J72: NO | K72: NO | L72: SI | M72: Emilio Droguett | N72: Nicole Torres
B73: Tiare Barrios | C73: 26-09-2025 | D73: No Asignado | E73: Operaciones | F73: Irarrázaval | J73: NO | K73: NO | L73: SI | M73: Leopoldo Farr | N73: Jefran Valecillos | O73: Sin equipo asignado
A74: 18247345-6 | B74: María José Riquelme | C74: 26-09-2025 | D74: Asignado | E74: Operaciones | F74: Los Domínicos | G74: Asus | H74: Vivobook 14 | I74: S1N0CV02X134026 | J74: NO | K74: NO | L74: SI | M74: Leopoldo Farr | N74: Jefran Valecillos
B75: Nathalie Morales | C75: 26-09-2025 | D75: Asignado | E75: Operaciones | F75: Peñalolén | I75: Pendiente | J75: NO | K75: SI | L75: SI | M75: Leopoldo Farr | N75: Jefran Valecillos
A76: 12054220-6 | B76: Rafael López | C76: 26-09-2025 | D76: Asignado | E76: Operaciones | F76: Santa Amalia | G76: Asus | H76: Vivobook 14 | I76: S1N0CV02X19802B | J76: NO | K76: NO | L76: NO | M76: Leopoldo Farr | N76: Jefran Valecillos
B77: José Romero | C77: 26-09-2025 | D77: Asignado | E77: Operaciones | F77: Antofagasta | I77: Pendiente | J77: NO | K77: SI | L77: SI | M77: Leopoldo Farr | N77: Jefran Valecillos
A78: 33546500-8 | B78: Nivanesky Natera | C78: 26-09-2025 | D78: Asignado | E78: Operaciones | F78: Bustamante | G78: Asus | H78: Vivobook 14 | I78: S1N0CV02X170029 | J78: NO | K78: SI | L78: SI | M78: Leopoldo Farr | N78: Jefran Valecillos
B79: Victor Mejías | C79: 26-09-2025 | D79: No Asignado | E79: Operaciones | F79: La Serena 2 | J79: NO | K79: SI | L79: SI | M79: Leopoldo Farr | N79: Jefran Valecillos | O79: Sin equipo asignado
B80: Dévora Blanco | C80: 26-09-2025 | D80: Asignado | E80: Operaciones | F80: Froilán Roa | I80: Pendiente | J80: NO | K80: SI | L80: SI | M80: Leopoldo Farr | N80: Jefran Valecillos
B81: Nadia Escobar | C81: 26-09-2025 | D81: Asignado | E81: Operaciones | F81: Viña del Mar | I81: Pendiente | J81: NO | K81: SI | L81: SI | M81: Leopoldo Farr | N81: Jefran Valecillos
A82: 18107965-7 | B82: Estefanía Monroy | C82: 26-09-2025 | D82: Asignado | E82: Operaciones | F82: Hualpén | G82: Lenovo | H82: L14 | I82: PF30EZX1 | J82: NO | K82: SI | L82: SI | M82: Leopoldo Farr | N82: Jefran Valecillos
B83: Braulio Cáceres | C83: 25-09-2025 | D83: No Asignado | E83: Operaciones | F83: Concón | J83: NO | K83: SI | L83: SI | M83: Leopoldo Farr | N83: Jefran Valecillos | O83: Sin equipo asignado
B84: Juan Campos | C84: 26-09-2025 | D84: No Asignado | E84: Operaciones | F84: Puente Alto | J84: NO | K84: SI | L84: SI | M84: Leopoldo Farr | N84: Jefran Valecillos | O84: Sin equipo asignado
B85: José Suárez | C85: 26-09-2025 | D85: Asignado | E85: Operaciones | F85: Santa Ana | I85: Pendiente | J85: NO | K85: SI | L85: SI | M85: Leopoldo Farr | N85: Jefran Valecillos
B86: Andrés Ávila | C86: 26-09-2025 | D86: Asignado | E86: Operaciones | F86: Gran Avenida | I86: Pendiente | J86: NO | K86: SI | L86: SI | M86: Leopoldo Farr | N86: Jefran Valecillos
A87: 18046837-0 | B87: cristian medina | C87: 06-10-2025 | D87: Asignado | E87: RRHH | G87: Lenovo | H87: Thinkpad T14 Gen1 | I87: S/N | J87: NO | K87: NO | L87: NO | M87: Matias Sandoval | N87: Cristian Medina
A88: 18406837-0 | B88: Cristian Medina | C88: 06-10-2025 | D88: Asignado | E88: RRHH | G88: Lenovo | H88: Thinkpad T14 Gen1 | I88: PF-35GTK1 | J88: NO | K88: NO | L88: SI | M88: Matias Sandoval | N88: Cristian Medina
A89: 18995949-4 | B89: Camila Villalobos | C89: 09-10-2025 | D89: Asignado | E89: Calidad | G89: ASUS | H89: VIVOBOOK | I89: r7n0cv03379502 | J89: SI | K89: NO | L89: SI | M89: Emilio Droguett | N89: Camila Villalobos
A90: 16847662-0 | B90: henry cariman | C90: 17-10-2025 | D90: Asignado | E90: RRHH | G90: HP | H90: Probook 440 g8 | I90: 5CD2087W6R | J90: NO | K90: NO | L90: SI | M90: Matias Sandoval | N90: Henry Cariman
B91: Erick Giraldo | C91: 12-11-2025 | D91: Asignado | E91: Operaciones | G91: ASUS | H91: E1404G | I91: R7N0CV03379527C | J91: NO | K91: NO | L91: SI | M91: Matias Sandoval | N91: Erick Giraldo
A92: 21572252-k | B92: Giselle Roa | C92: 18-11-2025 | D92: Asignado | E92: Informatica | F92: Casa Matriz | G92: Lenovo | H92: Thinkpad L14 | I92: PF360JLP | J92: NO | K92: NO | L92: SI | M92: Nicolas Moya | N92: Giselle Roa
B93: Roberto Ramirez | C93: 02-12-2025 | D93: Asignado | F93: Casa Matriz | G93: HP | H93: hp laptop 14 | I93: 1H943605DB | J93: NO | K93: NO | L93: SI | M93: Emilio Droguett | N93: Roberto Ramírez
B94: Rodrigo Garcia | C94: 04-12-2025 | D94: Asignado | E94: Operaciones | G94: Lenovo | H94: Ideapad Slim3 | I94: PF4CC3Y4 | J94: NO | K94: NO | L94: SI | M94: Emilio Droguett | N94: Germán Echesuri
B95: Pia Escobar | C95: 05-12-2025 | D95: Asignado | E95: Auditoria | F95: Casa Matriz | G95: Lenovo | H95: Ideapad Slim3 | I95: PF4CA6ZM | J95: NO | K95: NO | L95: SI | M95: Emilio Droguett | N95: Pia Escobar
A96: 20426960-2 | B96: Paula Mellico | C96: 11-12-2025 | D96: Asignado | E96: Calidad | F96: Casa Matriz | G96: Asus | H96: Vivobook | I96: T7N0CV15A844303 | J96: NO | K96: NO | L96: SI | M96: Emilio Droguett | N96: Paula Mellico
A97: 18540307-6 | B97: Christopher celedon | C97: 19-12-2025 | D97: Asignado | E97: Finanzas | G97: Hp | H97: Probook 440 g7 | I97: 5CD1146ZVZ | J97: NO | K97: NO | L97: SI | M97: Matias Sandoval | N97: Christopher Celedón
B98: Andrea Gutierrez | C98: 22-12-2025 | D98: Asignado | E98: Contabilidad | F98: Casa Matriz | G98: HP | H98: HP PROBOOK 440 G8 | I98: SCD2087VZ9 | J98: NO | K98: NO | L98: SI | M98: Emilio Droguett | N98: Andrea Gutierrez
A99: 14173391-5 | B99: Alexis Muñoz | C99: 05-01-2026 | D99: Asignado | E99: Compras | G99: HP | H99: Zbook Power G8 | I99: 5CD2210ZQX | J99: NO | K99: NO | L99: SI | M99: Germán Echesuri | N99: Germán Echesuri
A100: 15363591-9 | B100: Magdalena Soldati | C100: 05-01-2026 | D100: Asignado | E100: Marketing | G100: Huawei | H100: Matebook 13 | I100: Pendiente | J100: NO | K100: NO | L100: SI | M100: Germán Echesuri | N100: Germán Echesuri
A101: 21679826-0 | B101: Germán Echesuri | C101: 06-01-2026 | D101: Asignado | E101: Control de Gestión | G101: Asus | H101: Zenbook | I101: T7N0CX040150305 | J101: NO | K101: NO | L101: SI | M101: Germán Echesuri | N101: Germán Echesuri
...
